# This file uses centimeters as units for non-parametric coordinates.

mtllib saco.mtl
g default
v -2.397544 -0.001789 1.415089
v -2.346537 -0.002420 1.417237
v -2.297502 -0.002613 1.407046
v -2.202678 -0.003081 1.378258
v -2.018966 -0.002296 1.309370
v -1.830741 -0.002176 1.255376
v -1.592882 -0.002166 1.205618
v -1.446714 -0.002355 1.201725
v -1.302563 -0.002015 1.176755
v -1.058974 -0.002390 1.172664
v -0.865792 -0.002466 1.153490
v -0.722495 -0.003503 1.181095
v -0.480550 -0.003570 1.165882
v 0.000145 -0.005885 1.197209
v 0.337344 -0.005973 1.190280
v 0.529602 -0.005277 1.166656
v 0.820943 -0.005546 1.178453
v 1.013443 -0.004445 1.148205
v 1.303952 -0.004314 1.175877
v 1.546458 -0.003686 1.195822
v 1.832363 -0.002982 1.255612
v 1.973755 -0.002441 1.295432
v 2.160869 -0.001282 1.353355
v 2.205102 -0.001328 1.375368
v 2.349206 0.001200 1.413129
v 2.400196 0.000701 1.411407
v -2.397557 0.008325 1.414994
v -2.346569 0.008531 1.416955
v -2.297385 0.010052 1.407636
v -2.202743 0.011681 1.378428
v -2.018958 0.012659 1.309572
v -1.830742 0.013268 1.255306
v -1.592924 0.013693 1.205342
v -1.446751 0.014526 1.201744
v -1.302587 0.014547 1.176725
v -1.058980 0.015680 1.172621
v -0.865788 0.015909 1.153281
v -0.722597 0.017688 1.181056
v -0.480653 0.017704 1.165665
v -0.000046 0.018991 1.197162
v 0.337148 0.017582 1.190224
v 0.529437 0.015578 1.166499
v 0.820749 0.014766 1.178259
v 1.013424 0.012710 1.148169
v 1.303974 0.012301 1.175742
v 1.546542 0.012176 1.195604
v 1.832487 0.012474 1.255382
v 1.973914 0.012773 1.295176
v 2.161032 0.013066 1.353265
v 2.205298 0.013577 1.375159
v 2.349414 0.012079 1.413329
v 2.400443 0.010822 1.411514
v -2.349562 0.030334 1.395815
v -2.300682 0.038532 1.396356
v -2.204394 0.042607 1.374134
v -2.019096 0.044108 1.309289
v -1.830755 0.044824 1.255784
v -1.592833 0.045310 1.205721
v -1.446897 0.046434 1.200000
v -1.302599 0.046481 1.176879
v -1.059266 0.047841 1.170312
v -0.866109 0.048113 1.153220
v -0.722690 0.050480 1.178661
v -0.480825 0.050528 1.165483
v -0.000043 0.052703 1.195245
v 0.337186 0.050895 1.187598
v 0.529588 0.048352 1.166033
v 0.820750 0.047323 1.175436
v 1.013495 0.044636 1.149011
v 1.303973 0.044251 1.175860
v 1.546402 0.043882 1.196102
v 1.832522 0.044091 1.255097
v 1.974258 0.044283 1.293554
v 2.161474 0.044232 1.351354
v 2.207057 0.044445 1.370207
v 2.352816 0.034851 1.393058
v -2.318353 0.057402 1.256128
v -2.297626 0.102368 1.265795
v -2.222236 0.163623 1.286808
v -2.028191 0.196442 1.275697
v -1.835628 0.200942 1.234652
v -1.595331 0.202832 1.189563
v -1.449858 0.204837 1.174528
v -1.304783 0.205437 1.158285
v -1.062348 0.207211 1.142006
v -0.868461 0.209043 1.135651
v -0.723988 0.213413 1.148860
v -0.482223 0.214476 1.146964
v -0.000078 0.220505 1.169834
v 0.337672 0.215956 1.157625
v 0.530916 0.211789 1.145826
v 0.821548 0.208772 1.144596
v 1.015177 0.204549 1.135884
v 1.305990 0.203166 1.156574
v 1.548284 0.201672 1.180607
v 1.837321 0.199949 1.231127
v 1.981961 0.197874 1.260915
v 2.177437 0.181716 1.287299
v 2.224869 0.166328 1.283114
v 2.321284 0.060500 1.252421
v -2.269054 0.058177 1.148260
v -2.258466 0.107480 1.152737
v -2.212251 0.194922 1.169534
v -2.042664 0.291344 1.197021
v -1.845904 0.315191 1.182385
v -1.601852 0.322127 1.146963
v -1.455523 0.324975 1.130545
v -1.309427 0.327036 1.116838
v -1.066172 0.329243 1.099245
v -0.871556 0.333390 1.097375
v -0.726133 0.337098 1.101788
v -0.483821 0.341012 1.106945
v -0.000108 0.348825 1.125354
v 0.338482 0.341783 1.111923
v 0.532394 0.337474 1.104467
v 0.823582 0.331737 1.098676
v 1.018110 0.327881 1.098157
v 1.310275 0.324548 1.114711
v 1.553870 0.321774 1.139576
v 1.847051 0.314112 1.178765
v 1.995070 0.301594 1.193096
v 2.179252 0.231861 1.175819
v 2.214195 0.197101 1.165735
v 2.272446 0.060800 1.144225
v -2.236159 0.058174 1.065824
v -2.227375 0.108032 1.069412
v -2.191037 0.201330 1.081562
v -2.047739 0.334460 1.114377
v -1.855428 0.386019 1.120559
v -1.608747 0.403127 1.097548
v -1.461330 0.408046 1.083247
v -1.314313 0.411650 1.071055
v -1.069772 0.415469 1.055354
v -0.874403 0.421054 1.054084
v -0.728254 0.423776 1.054436
v -0.485188 0.429986 1.061844
v -0.000144 0.438375 1.077032
v 0.339262 0.430338 1.065043
v 0.533696 0.425856 1.059071
v 0.825812 0.418394 1.052748
v 1.021107 0.414532 1.054753
v 1.314748 0.409144 1.069300
v 1.560026 0.403776 1.091392
v 1.856139 0.385345 1.117579
v 2.002707 0.354314 1.116146
v 2.165062 0.244419 1.086192
v 2.192810 0.203198 1.077753
v 2.240770 0.060845 1.061274
v -2.210735 0.058831 0.980939
v -2.201341 0.108831 0.984574
v -2.168040 0.204073 0.994886
v -2.044421 0.358394 1.024529
v -1.863105 0.439295 1.042750
v -1.616343 0.473707 1.034222
v -1.467933 0.482569 1.023677
v -1.319947 0.488650 1.013763
v -1.073919 0.495351 1.001023
v -0.877623 0.501859 0.999148
v -0.730751 0.504369 0.998046
v -0.486688 0.511848 1.004955
v -0.000192 0.520284 1.017026
v 0.340148 0.512306 1.007653
v 0.535181 0.507445 1.002549
v 0.828492 0.498949 0.997306
v 1.024680 0.494518 1.000122
v 1.319956 0.486272 1.012580
v 1.566962 0.476005 1.029703
v 1.863504 0.439008 1.040254
v 2.003419 0.386157 1.028201
v 2.146146 0.250097 0.997793
v 2.170002 0.205992 0.991044
v 2.212911 0.060886 0.977201
v -2.171237 0.059368 0.840170
v -2.163280 0.109873 0.842623
v -2.134714 0.207191 0.850611
v -2.028376 0.376998 0.872954
v -1.866726 0.492636 0.894377
v -1.627286 0.562695 0.903245
v -1.478701 0.582952 0.900559
v -1.329647 0.596085 0.895830
v -1.081454 0.610298 0.888697
v -0.883523 0.618643 0.886300
v -0.735443 0.622616 0.885444
v -0.489523 0.629939 0.888912
v -0.000297 0.637886 0.896446
v 0.341850 0.631207 0.891333
v 0.538053 0.625732 0.887693
v 0.833592 0.616535 0.885259
v 1.031393 0.609979 0.887798
v 1.329105 0.594266 0.895617
v 1.577550 0.570261 0.902549
v 1.866815 0.493324 0.892815
v 1.992840 0.412748 0.876366
v 2.116036 0.255406 0.852206
v 2.138021 0.209791 0.846735
v 2.172899 0.060774 0.836792
v -2.141562 0.057724 0.789132
v -2.135648 0.107662 0.790509
v -2.114948 0.205535 0.794976
v -2.021302 0.381296 0.812545
v -1.865315 0.505050 0.832463
v -1.630157 0.588141 0.844636
v -1.482231 0.613979 0.844674
v -1.333177 0.630916 0.842114
v -1.084432 0.649056 0.837208
v -0.885918 0.658687 0.835114
v -0.737395 0.663443 0.834431
v -0.490753 0.670545 0.836684
v -0.000342 0.678279 0.842730
v 0.342608 0.672124 0.838887
v 0.539314 0.666472 0.835882
v 0.835730 0.656965 0.834367
v 1.034128 0.649264 0.836600
v 1.332515 0.629562 0.842316
v 1.580646 0.598509 0.845392
v 1.865189 0.506096 0.831338
v 1.986574 0.418295 0.815615
v 2.099497 0.253861 0.795533
v 2.115972 0.206452 0.791922
v 2.147864 0.059283 0.785118
v -2.119927 0.057536 0.678275
v -2.113800 0.107423 0.678883
v -2.092428 0.205172 0.681088
v -2.007393 0.386018 0.691973
v -1.859869 0.520655 0.707566
v -1.632931 0.624504 0.721823
v -1.487133 0.661345 0.725508
v -1.338817 0.686634 0.726496
v -1.089854 0.713818 0.725614
v -0.890479 0.726985 0.724567
v -0.741207 0.733395 0.724115
v -0.493268 0.740727 0.724846
v -0.000424 0.748189 0.728509
v 0.344217 0.742728 0.726476
v 0.541925 0.736777 0.724662
v 0.839923 0.726097 0.724347
v 1.039286 0.715621 0.725806
v 1.338166 0.686624 0.727464
v 1.584306 0.640417 0.724548
v 1.858777 0.521703 0.707363
v 1.973199 0.424297 0.694655
v 2.079446 0.254000 0.680118
v 2.098853 0.207529 0.677494
v 2.136928 0.060253 0.673706
v -2.130532 0.059116 0.620002
v -2.123523 0.110089 0.620523
v -2.097990 0.209165 0.622348
v -2.001571 0.387144 0.631647
v -1.856517 0.525203 0.644990
v -1.633079 0.636977 0.658944
v -1.488516 0.678747 0.663589
v -1.340825 0.708154 0.665767
v -1.092120 0.740108 0.666455
v -0.892553 0.755364 0.665991
v -0.742994 0.762671 0.665635
v -0.494501 0.770545 0.665991
v -0.000456 0.778003 0.668759
v 0.345043 0.772702 0.667351
v 0.543228 0.766582 0.666042
v 0.841897 0.754985 0.666042
v 1.041563 0.742866 0.667058
v 1.340284 0.708869 0.666983
v 1.585023 0.655309 0.662163
v 1.854929 0.526211 0.645292
v 1.966685 0.425527 0.634402
v 2.075390 0.255909 0.622662
v 2.089933 0.207531 0.622118
v 2.113511 0.058359 0.621210
v -2.112074 0.057829 0.535598
v -2.105701 0.108110 0.535878
v -2.081419 0.206018 0.536310
v -1.992325 0.386518 0.541298
v -1.851307 0.529249 0.551256
v -1.632235 0.650555 0.563931
v -1.489498 0.698775 0.569200
v -1.342893 0.733862 0.572435
v -1.094872 0.772717 0.574733
v -0.895248 0.791234 0.575003
v -0.745437 0.800011 0.574841
v -0.496248 0.809106 0.574917
v -0.000486 0.816758 0.576675
v 0.346265 0.811509 0.575977
v 0.545111 0.805063 0.575279
v 0.844568 0.791713 0.575491
v 1.044450 0.776922 0.575830
v 1.342614 0.735493 0.573815
v 1.585162 0.672004 0.567424
v 1.849524 0.530631 0.552288
v 1.958422 0.426143 0.544006
v 2.068956 0.256360 0.536343
v 2.086854 0.208518 0.535782
v 2.116722 0.058653 0.536108
v -2.114450 0.058599 0.447126
v -2.107533 0.109134 0.447370
v -2.081621 0.207312 0.447565
v -1.986365 0.385951 0.450542
v -1.846141 0.530712 0.457812
v -1.630550 0.659544 0.468713
v -1.489527 0.713199 0.473895
v -1.344052 0.753210 0.477461
v -1.096897 0.798185 0.480488
v -0.897385 0.819820 0.481196
v -0.747469 0.830137 0.481226
v -0.497805 0.840739 0.481243
v -0.000487 0.848865 0.482345
v 0.347423 0.843465 0.482148
v 0.546842 0.836593 0.481889
v 0.846781 0.821218 0.482089
v 1.046695 0.803681 0.481906
v 1.344097 0.755417 0.478822
v 1.584569 0.683402 0.472060
v 1.844790 0.532818 0.459455
v 1.951745 0.425701 0.453641
v 2.059213 0.253959 0.448810
v 2.078425 0.206846 0.448373
v 2.109632 0.057888 0.447994
v -2.108400 0.057128 0.207931
v -2.100281 0.107121 0.208238
v -2.071553 0.203827 0.208030
v -1.971111 0.378735 0.207920
v -1.831652 0.525314 0.210433
v -1.624129 0.668922 0.215657
v -1.487385 0.733519 0.218560
v -1.344704 0.783034 0.220725
v -1.099684 0.838931 0.222645
v -0.900658 0.866358 0.223158
v -0.750712 0.880031 0.223248
v -0.500470 0.894437 0.223279
v -0.000315 0.904823 0.223821
v 0.349796 0.898501 0.224325
v 0.550053 0.890201 0.224571
v 0.850496 0.869961 0.224765
v 1.050138 0.846631 0.224361
v 1.345393 0.784549 0.221926
v 1.580934 0.695252 0.217828
v 1.834254 0.529194 0.212291
v 1.940908 0.420911 0.210675
v 2.048712 0.250046 0.210271
v 2.068209 0.203406 0.210264
v 2.105716 0.056700 0.209559
v -2.128219 0.059806 0.057885
v -2.118181 0.110687 0.058110
v -2.082863 0.206870 0.057164
v -1.965800 0.374014 0.056352
v -1.824921 0.520251 0.056765
v -1.621353 0.669641 0.058073
v -1.486291 0.737701 0.058777
v -1.344609 0.789923 0.059202
v -1.100199 0.848201 0.059340
v -0.901302 0.876829 0.059203
v -0.751363 0.891403 0.059075
v -0.500968 0.907017 0.058941
v -0.000095 0.918671 0.059346
v 0.350527 0.911857 0.060068
v 0.550963 0.902893 0.060494
v 0.851475 0.881276 0.060976
v 1.050960 0.856257 0.061074
v 1.345297 0.789744 0.060662
v 1.578835 0.695036 0.059781
v 1.828583 0.522893 0.058760
v 1.937274 0.415778 0.058553
v 2.056300 0.250927 0.058819
v 2.077728 0.204821 0.058777
v 2.115588 0.057575 0.057467
v -2.112997 0.057025 -0.060384
v -2.103257 0.106714 -0.060840
v -2.071660 0.202430 -0.062247
v -1.967040 0.375585 -0.064316
v -1.827092 0.522824 -0.065844
v -1.621962 0.670807 -0.067839
v -1.486597 0.738429 -0.069068
v -1.344758 0.790228 -0.070185
v -1.100145 0.847548 -0.071554
v -0.901181 0.875742 -0.072220
v -0.751227 0.890276 -0.072542
v -0.500812 0.905945 -0.072837
v 0.000099 0.918012 -0.072635
v 0.350725 0.911187 -0.071759
v 0.551143 0.902117 -0.071191
v 0.851622 0.880502 -0.070444
v 1.051067 0.855381 -0.069838
v 1.345326 0.788710 -0.068367
v 1.578704 0.693749 -0.066505
v 1.827490 0.520564 -0.063890
v 1.934776 0.412350 -0.062711
v 2.059168 0.250881 -0.061425
v 2.084273 0.206239 -0.061270
v 2.129446 0.058977 -0.061447
v -2.113843 0.057119 -0.151956
v -2.104594 0.107168 -0.152366
v -2.073481 0.203714 -0.153474
v -1.970599 0.378677 -0.155143
v -1.830515 0.525927 -0.157766
v -1.623615 0.671401 -0.162293
v -1.487378 0.737193 -0.164982
v -1.344961 0.787307 -0.167204
v -1.099826 0.842287 -0.169545
v -0.900719 0.869388 -0.170514
v -0.750744 0.883472 -0.170949
v -0.500381 0.898667 -0.171339
v 0.000235 0.910649 -0.171314
v 0.350632 0.904108 -0.170364
v 0.550949 0.895257 -0.169706
v 0.851354 0.874240 -0.168806
v 1.050829 0.849784 -0.167867
v 1.345439 0.785011 -0.165107
v 1.579661 0.692388 -0.161273
v 1.830711 0.522521 -0.155938
v 1.939499 0.415805 -0.153695
v 2.056987 0.250499 -0.152162
v 2.077787 0.204227 -0.151991
v 2.113723 0.056694 -0.151182
v -2.112690 0.056414 -0.362399
v -2.103282 0.106480 -0.362316
v -2.072628 0.203112 -0.363209
v -1.975193 0.380435 -0.367016
v -1.838618 0.528964 -0.373464
v -1.628544 0.666676 -0.383700
v -1.489565 0.725093 -0.389064
v -1.344973 0.767682 -0.392898
v -1.097838 0.812557 -0.396006
v -0.898218 0.834924 -0.397042
v -0.748209 0.846705 -0.397514
v -0.498215 0.859414 -0.397991
v 0.000460 0.870355 -0.398536
v 0.349376 0.865066 -0.397460
v 0.549179 0.857640 -0.396704
v 0.849266 0.839961 -0.395788
v 1.048969 0.819290 -0.394620
v 1.345324 0.764557 -0.390341
v 1.583446 0.684361 -0.383131
v 1.841974 0.528674 -0.371604
v 1.950520 0.422661 -0.366976
v 2.057671 0.250872 -0.363868
v 2.075998 0.203518 -0.363483
v 2.107932 0.055027 -0.362624
v -2.113088 0.056708 -0.509977
v -2.107955 0.107254 -0.509684
v -2.085193 0.205954 -0.510390
v -1.987565 0.383352 -0.517268
v -1.847966 0.528033 -0.528487
v -1.632384 0.654962 -0.542659
v -1.490297 0.704603 -0.548620
v -1.343557 0.738721 -0.551983
v -1.094872 0.773545 -0.553622
v -0.894984 0.791195 -0.553954
v -0.745071 0.800721 -0.554257
v -0.495729 0.811370 -0.554937
v 0.000540 0.821220 -0.556395
v 0.347644 0.816647 -0.554929
v 0.546670 0.810696 -0.553972
v 0.846242 0.796694 -0.553397
v 1.046078 0.780160 -0.552773
v 1.344022 0.736496 -0.549681
v 1.585701 0.669905 -0.542401
v 1.848949 0.526776 -0.527202
v 1.956548 0.421541 -0.519469
v 2.055289 0.247078 -0.512373
v 2.071242 0.199433 -0.511394
v 2.101543 0.051908 -0.509678
v -2.137846 0.057342 -0.680725
v -2.128577 0.107875 -0.681264
v -2.098771 0.204965 -0.683755
v -2.009621 0.384723 -0.696969
v -1.861574 0.519014 -0.715029
v -1.633840 0.621610 -0.731222
v -1.487416 0.656467 -0.735023
v -1.338576 0.679064 -0.735470
v -1.089015 0.701560 -0.733153
v -0.889440 0.713189 -0.731832
v -0.740140 0.720129 -0.731995
v -0.492287 0.729404 -0.734054
v 0.000541 0.738204 -0.737521
v 0.345084 0.733657 -0.734744
v 0.542825 0.728955 -0.732982
v 0.840810 0.719200 -0.732482
v 1.040231 0.707891 -0.733091
v 1.339433 0.679860 -0.734726
v 1.585765 0.634576 -0.731919
v 1.860136 0.516646 -0.714429
v 1.973469 0.418721 -0.701242
v 2.079523 0.248746 -0.687324
v 2.095996 0.200974 -0.685402
v 2.124543 0.052127 -0.681826
v -2.129006 0.055775 -0.738074
v -2.126930 0.106128 -0.737574
v -2.112999 0.206039 -0.739002
v -2.016896 0.382381 -0.757297
v -1.864775 0.511420 -0.777238
v -1.632740 0.603502 -0.792426
v -1.485213 0.633061 -0.794565
v -1.335992 0.651884 -0.793455
v -1.086505 0.670404 -0.789331
v -0.887317 0.680123 -0.787368
v -0.738355 0.686255 -0.787503
v -0.491118 0.695469 -0.790433
v 0.000512 0.704166 -0.794932
v 0.344215 0.699370 -0.791388
v 0.541461 0.694917 -0.789193
v 0.838698 0.686066 -0.788383
v 1.037728 0.676347 -0.789403
v 1.336892 0.653273 -0.793222
v 1.584470 0.615822 -0.793318
v 1.863920 0.509978 -0.776718
v 1.980851 0.416384 -0.761909
v 2.092056 0.249800 -0.741997
v 2.109620 0.202260 -0.737825
v 2.140005 0.052632 -0.732131
v -2.166695 0.055161 -0.845266
v -2.161284 0.105786 -0.846795
v -2.134923 0.203369 -0.854884
v -2.030840 0.373602 -0.878199
v -1.868276 0.487441 -0.900860
v -1.627889 0.554710 -0.909972
v -1.478933 0.573426 -0.907059
v -1.329577 0.584845 -0.901841
v -1.081016 0.596111 -0.893743
v -0.882903 0.602681 -0.890679
v -0.734732 0.607177 -0.890579
v -0.488853 0.616581 -0.895936
v 0.000403 0.625550 -0.903206
v 0.342587 0.619951 -0.897524
v 0.538786 0.616029 -0.894483
v 0.834266 0.607868 -0.891970
v 1.032277 0.600997 -0.893800
v 1.330436 0.586422 -0.902138
v 1.579145 0.563611 -0.909844
v 1.868624 0.487249 -0.900247
v 1.994076 0.406117 -0.883267
v 2.113352 0.246629 -0.858426
v 2.131552 0.199825 -0.853600
v 2.162176 0.052015 -0.844786
v -2.203369 0.054809 -0.956852
v -2.194416 0.105063 -0.959983
v -2.162696 0.200710 -0.970271
v -2.043610 0.358543 -0.999785
v -1.866020 0.446373 -1.020299
v -1.619576 0.485116 -1.015645
v -1.470787 0.494252 -1.005953
v -1.322331 0.499568 -0.996004
v -1.075442 0.505659 -0.984354
v -0.878563 0.510492 -0.981231
v -0.731231 0.513219 -0.980361
v -0.486740 0.522385 -0.988512
v 0.000234 0.531887 -0.999291
v 0.341157 0.525727 -0.991137
v 0.536320 0.522471 -0.987606
v 0.829909 0.514252 -0.981908
v 1.026737 0.509596 -0.984214
v 1.323081 0.501228 -0.996717
v 1.570758 0.489634 -1.012812
v 1.866871 0.445714 -1.019047
v 2.003829 0.386015 -1.004814
v 2.140271 0.243258 -0.974291
v 2.162833 0.198391 -0.967884
v 2.201866 0.052470 -0.954850
v -2.235185 0.052820 -1.070221
v -2.227818 0.102756 -1.073368
v -2.192046 0.195940 -1.086330
v -2.048920 0.328341 -1.120278
v -1.856305 0.377665 -1.125576
v -1.609758 0.392661 -1.101564
v -1.462499 0.395793 -1.085562
v -1.315428 0.397598 -1.071916
v -1.070462 0.400530 -1.057555
v -0.874689 0.404933 -1.056235
v -0.728134 0.406371 -1.054692
v -0.484800 0.413878 -1.064455
v 0.000030 0.422950 -1.077941
v 0.339863 0.417669 -1.068931
v 0.534162 0.414885 -1.064983
v 0.826098 0.407421 -1.056080
v 1.021790 0.403901 -1.057321
v 1.316018 0.399501 -1.073110
v 1.561458 0.394697 -1.096298
v 1.857601 0.376974 -1.123867
v 2.004093 0.345787 -1.122667
v 2.165779 0.235440 -1.092025
v 2.193494 0.194316 -1.083270
v 2.241676 0.052207 -1.065954
v -2.269073 0.051989 -1.152108
v -2.258321 0.101137 -1.156970
v -2.212762 0.188603 -1.174538
v -2.043379 0.284156 -1.202749
v -1.846772 0.305517 -1.186181
v -1.603066 0.311039 -1.150373
v -1.457274 0.311643 -1.130117
v -1.311075 0.312539 -1.115714
v -1.067421 0.314101 -1.100006
v -0.872298 0.318121 -1.100222
v -0.726258 0.319517 -1.099909
v -0.483515 0.324832 -1.108992
v -0.000136 0.332306 -1.122157
v 0.338903 0.328800 -1.115172
v 0.532785 0.326355 -1.110818
v 0.823888 0.320425 -1.100892
v 1.018791 0.317039 -1.099122
v 1.311545 0.314453 -1.116833
v 1.555313 0.312194 -1.143430
v 1.848304 0.305263 -1.184518
v 1.996189 0.292707 -1.199464
v 2.179859 0.222107 -1.181570
v 2.214674 0.187432 -1.171304
v 2.273388 0.051699 -1.148956
v -2.305967 0.050901 -1.233027
v -2.289315 0.097905 -1.240961
v -2.223450 0.168969 -1.263558
v -2.032324 0.214508 -1.264391
v -1.838800 0.220400 -1.227602
v -1.597795 0.222148 -1.185575
v -1.453479 0.221333 -1.160736
v -1.307790 0.222030 -1.147625
v -1.064997 0.223292 -1.132742
v -0.870414 0.225960 -1.131466
v -0.724889 0.228072 -1.135942
v -0.482487 0.230957 -1.142225
v -0.000299 0.236053 -1.152079
v 0.337945 0.234521 -1.149586
v 0.531660 0.232697 -1.145141
v 0.822352 0.228896 -1.136247
v 1.016517 0.225290 -1.128183
v 1.308128 0.224044 -1.148393
v 1.550705 0.222850 -1.176426
v 1.840436 0.220436 -1.225805
v 1.985674 0.217069 -1.253871
v 2.181108 0.189640 -1.267825
v 2.225894 0.168512 -1.260276
v 2.309248 0.050901 -1.230438
v -2.348610 0.044344 -1.343766
v -2.308614 0.072633 -1.356327
v -2.211509 0.091393 -1.356063
v -2.022695 0.095398 -1.301830
v -1.833126 0.096486 -1.254978
v -1.593691 0.096926 -1.211678
v -1.450918 0.095895 -1.180630
v -1.305064 0.096281 -1.171319
v -1.062534 0.097605 -1.162081
v -0.868617 0.098167 -1.151457
v -0.723946 0.100319 -1.167687
v -0.481698 0.101066 -1.168580
v -0.000486 0.103231 -1.170556
v 0.336832 0.103373 -1.175723
v 0.530620 0.102677 -1.171938
v 0.821551 0.101409 -1.167184
v 1.014723 0.098701 -1.146611
v 1.305673 0.098426 -1.169701
v 1.547569 0.097707 -1.198508
v 1.834796 0.096919 -1.253164
v 1.977403 0.096180 -1.287198
v 2.166176 0.093932 -1.341421
v 2.214098 0.091900 -1.353128
v 2.350789 0.043975 -1.341736
v -2.350463 0.023969 -1.399624
v -2.301132 0.029563 -1.398620
v -2.205409 0.031918 -1.374713
v -2.021562 0.032399 -1.306248
v -1.832473 0.032849 -1.258181
v -1.592884 0.033030 -1.216229
v -1.450667 0.032400 -1.182388
v -1.304377 0.032488 -1.175539
v -1.061785 0.033335 -1.169347
v -0.868044 0.033623 -1.153068
v -0.723800 0.034754 -1.175724
v -0.481539 0.034957 -1.174107
v -0.000562 0.036127 -1.172098
v 0.336378 0.036599 -1.180309
v 0.530307 0.036472 -1.177147
v 0.821532 0.036127 -1.174837
v 1.014355 0.034791 -1.148457
v 1.305303 0.034760 -1.171368
v 1.547304 0.034132 -1.200298
v 1.834097 0.033492 -1.256604
v 1.976249 0.033096 -1.291824
v 2.163054 0.032323 -1.350832
v 2.207818 0.032386 -1.371451
v 2.351819 0.022412 -1.396660
v -2.397905 0.000151 -1.417495
v -2.347302 0.000594 -1.419380
v -2.298595 0.000396 -1.408449
v -2.204046 0.000879 -1.378246
v -2.021604 0.000849 -1.306252
v -1.832568 0.001046 -1.257822
v -1.592759 0.001119 -1.216885
v -1.450745 0.000716 -1.181753
v -1.304242 0.000730 -1.176380
v -1.061519 0.001441 -1.171412
v -0.867790 0.001758 -1.152286
v -0.723787 0.002346 -1.178141
v -0.481507 0.002354 -1.175292
v -0.000577 0.003294 -1.171514
v 0.336298 0.003781 -1.180863
v 0.530247 0.003815 -1.178084
v 0.821626 0.003813 -1.176960
v 1.014385 0.003107 -1.147992
v 1.305250 0.003046 -1.170594
v 1.547356 0.002430 -1.199370
v 1.834128 0.001779 -1.256350
v 1.976160 0.001518 -1.292248
v 2.162960 0.001190 -1.351356
v 2.206341 0.001379 -1.374974
v 2.349058 0.000227 -1.417434
v 2.399500 0.000443 -1.416152
v -2.398086 -0.009968 -1.417443
v -2.347019 -0.010156 -1.418923
v -2.298070 -0.011423 -1.408766
v -2.203982 -0.012401 -1.378157
v -2.021500 -0.012533 -1.306225
v -1.832518 -0.012845 -1.257679
v -1.592721 -0.013166 -1.216806
v -1.450643 -0.013014 -1.181833
v -1.304168 -0.013357 -1.176357
v -1.061478 -0.013997 -1.171357
v -0.867777 -0.013716 -1.152079
v -0.723789 -0.015362 -1.177924
v -0.481570 -0.015901 -1.175366
v -0.000590 -0.016273 -1.171469
v 0.336038 -0.015385 -1.180837
v 0.530096 -0.014360 -1.177731
v 0.821492 -0.013335 -1.176804
v 1.014404 -0.011582 -1.148214
v 1.305297 -0.010916 -1.170541
v 1.547407 -0.011359 -1.199218
v 1.834123 -0.011935 -1.256242
v 1.976103 -0.011861 -1.292235
v 2.162882 -0.011537 -1.351348
v 2.206280 -0.011755 -1.374848
v 2.348943 -0.010637 -1.417568
v 2.400129 -0.009663 -1.416122
v -2.394572 -0.009934 -1.387416
v -2.350209 -0.032382 -1.398192
v -2.301256 -0.040120 -1.397924
v -2.205438 -0.043392 -1.373944
v -2.021428 -0.044086 -1.306044
v -1.832492 -0.044644 -1.257349
v -1.592859 -0.045097 -1.215740
v -1.450500 -0.044729 -1.182606
v -1.304292 -0.045156 -1.175286
v -1.061636 -0.046006 -1.169045
v -0.868029 -0.045748 -1.151842
v -0.723862 -0.047925 -1.174684
v -0.481679 -0.048833 -1.174320
v -0.000575 -0.049491 -1.171817
v 0.336158 -0.048553 -1.180029
v 0.530150 -0.047199 -1.175458
v 0.821432 -0.045811 -1.174021
v 1.014395 -0.043396 -1.149387
v 1.305325 -0.042704 -1.170813
v 1.547340 -0.043108 -1.199287
v 1.834114 -0.043650 -1.255886
v 1.976174 -0.043435 -1.291567
v 2.162823 -0.042704 -1.350757
v 2.207672 -0.042785 -1.371202
v 2.352549 -0.033731 -1.397644
v 2.396514 -0.010315 -1.385996
v -2.372160 -0.010580 -1.331797
v -2.348621 -0.053770 -1.343014
v -2.308745 -0.082172 -1.354768
v -2.211848 -0.102299 -1.353982
v -2.022601 -0.106977 -1.301089
v -1.833199 -0.108119 -1.253151
v -1.593569 -0.108931 -1.210552
v -1.450598 -0.108245 -1.180838
v -1.304821 -0.108947 -1.170748
v -1.062182 -0.110241 -1.161672
v -0.868633 -0.110087 -1.148238
v -0.724068 -0.113131 -1.165251
v -0.482009 -0.114873 -1.168997
v -0.000542 -0.116305 -1.169885
v 0.336542 -0.115044 -1.175021
v 0.530398 -0.112808 -1.167810
v 0.821456 -0.110767 -1.165270
v 1.014683 -0.107382 -1.148563
v 1.305670 -0.106397 -1.168348
v 1.547589 -0.106628 -1.196431
v 1.834840 -0.106935 -1.251587
v 1.977397 -0.106374 -1.286164
v 2.166052 -0.104207 -1.340757
v 2.213990 -0.102049 -1.352359
v 2.350893 -0.053891 -1.341491
v 2.373636 -0.010180 -1.330655
v -2.313838 -0.010344 -1.228314
v -2.306818 -0.060194 -1.231632
v -2.290324 -0.107274 -1.239176
v -2.223828 -0.178282 -1.260333
v -2.032596 -0.224915 -1.260791
v -1.838858 -0.231420 -1.224350
v -1.597526 -0.233811 -1.183267
v -1.453015 -0.233517 -1.159595
v -1.307276 -0.234696 -1.146722
v -1.064498 -0.236401 -1.132589
v -0.870354 -0.237330 -1.125047
v -0.725011 -0.240510 -1.131878
v -0.483039 -0.244976 -1.142004
v -0.000484 -0.248852 -1.150166
v 0.337675 -0.246068 -1.148359
v 0.531413 -0.241389 -1.137785
v 0.822388 -0.237855 -1.133359
v 1.016548 -0.234197 -1.129027
v 1.308069 -0.232104 -1.145958
v 1.550469 -0.231717 -1.173929
v 1.840354 -0.230007 -1.223364
v 1.985669 -0.226693 -1.251442
v 2.181111 -0.199446 -1.266458
v 2.225863 -0.178070 -1.259107
v 2.308678 -0.059746 -1.230077
v 2.316313 -0.010129 -1.226640
v -2.273610 -0.010112 -1.149098
v -2.270365 -0.060319 -1.150571
v -2.259466 -0.109604 -1.154958
v -2.213386 -0.197233 -1.171287
v -2.043461 -0.293102 -1.197783
v -1.846766 -0.315701 -1.181786
v -1.602734 -0.322087 -1.146892
v -1.456797 -0.323343 -1.127561
v -1.310547 -0.324937 -1.113943
v -1.067001 -0.327402 -1.099214
v -0.872250 -0.328946 -1.092727
v -0.726385 -0.332006 -1.095748
v -0.484143 -0.338755 -1.107527
v -0.000407 -0.344721 -1.119131
v 0.338663 -0.340347 -1.113779
v 0.532548 -0.334008 -1.102675
v 0.824064 -0.329289 -1.098115
v 1.018877 -0.325565 -1.097655
v 1.311344 -0.322425 -1.113682
v 1.554905 -0.321028 -1.140796
v 1.848083 -0.314459 -1.181747
v 1.996094 -0.302002 -1.196910
v 2.179912 -0.231170 -1.179959
v 2.214811 -0.196328 -1.170009
v 2.273432 -0.060264 -1.148393
v 2.278954 -0.010296 -1.146049
v -2.238855 -0.009759 -1.067909
v -2.236857 -0.060009 -1.068474
v -2.228699 -0.109911 -1.071531
v -2.192322 -0.203321 -1.083200
v -2.048685 -0.336266 -1.115087
v -1.856094 -0.386593 -1.120044
v -1.609401 -0.402827 -1.096809
v -1.462034 -0.406766 -1.081609
v -1.314930 -0.409499 -1.068884
v -1.070179 -0.413517 -1.055237
v -0.874679 -0.415544 -1.048759
v -0.728293 -0.418972 -1.050320
v -0.485436 -0.427378 -1.061432
v -0.000297 -0.434828 -1.073837
v 0.339654 -0.429152 -1.067123
v 0.533968 -0.421854 -1.057047
v 0.826389 -0.416289 -1.053403
v 1.021883 -0.411844 -1.054043
v 1.315697 -0.407238 -1.069290
v 1.560973 -0.403245 -1.093190
v 1.857319 -0.385653 -1.120797
v 2.003934 -0.354359 -1.119814
v 2.166387 -0.244107 -1.090320
v 2.194325 -0.202963 -1.081867
v 2.242120 -0.060644 -1.065279
v 2.247160 -0.010631 -1.063265
v -2.206879 -0.009548 -0.954619
v -2.201685 -0.059974 -0.955888
v -2.192913 -0.110039 -0.958804
v -2.161788 -0.206152 -0.967772
v -2.043080 -0.365209 -0.994815
v -1.865387 -0.453818 -1.014078
v -1.619043 -0.493838 -1.009489
v -1.470271 -0.503967 -1.000363
v -1.321871 -0.510555 -0.991310
v -1.075300 -0.517570 -0.979681
v -0.878604 -0.521297 -0.974265
v -0.731452 -0.525556 -0.975021
v -0.487314 -0.534710 -0.983190
v -0.000140 -0.542847 -0.993919
v 0.340998 -0.536508 -0.987970
v 0.536212 -0.529121 -0.980566
v 0.830172 -0.522676 -0.978384
v 1.026770 -0.516998 -0.979718
v 1.322700 -0.508505 -0.992175
v 1.570290 -0.497065 -1.008602
v 1.866459 -0.452973 -1.015264
v 2.003833 -0.393606 -1.001804
v 2.141912 -0.251890 -0.972509
v 2.164902 -0.207238 -0.966166
v 2.203623 -0.061059 -0.953562
v 2.206692 -0.010835 -0.952581
v -2.167922 -0.008615 -0.844242
v -2.163741 -0.058869 -0.844973
v -2.157030 -0.108969 -0.846681
v -2.132501 -0.206641 -0.852950
v -2.029694 -0.378350 -0.873682
v -1.867218 -0.493196 -0.894408
v -1.627033 -0.561883 -0.902900
v -1.478265 -0.581777 -0.900276
v -1.329105 -0.594628 -0.895640
v -1.080913 -0.606820 -0.887341
v -0.882980 -0.613539 -0.883653
v -0.734996 -0.618968 -0.884126
v -0.489343 -0.627309 -0.888614
v 0.000005 -0.635543 -0.896882
v 0.342463 -0.629347 -0.892729
v 0.538725 -0.622611 -0.888060
v 0.834407 -0.615121 -0.886991
v 1.032251 -0.608089 -0.888779
v 1.330127 -0.592837 -0.896825
v 1.578732 -0.569402 -0.904601
v 1.868560 -0.493570 -0.896210
v 1.995296 -0.413926 -0.880263
v 2.117466 -0.256286 -0.856103
v 2.137526 -0.209843 -0.850918
v 2.165585 -0.060933 -0.842660
v 2.166585 -0.010697 -0.842941
v -2.129413 -0.007084 -0.737292
v -2.125545 -0.057113 -0.737182
v -2.119808 -0.106911 -0.737882
v -2.100034 -0.204886 -0.740760
v -2.015119 -0.384912 -0.753226
v -1.862885 -0.514067 -0.770538
v -1.631300 -0.607587 -0.784193
v -1.484216 -0.638924 -0.786409
v -1.335389 -0.659688 -0.785716
v -1.086341 -0.679858 -0.781647
v -0.887396 -0.690549 -0.779711
v -0.738622 -0.697274 -0.779968
v -0.491528 -0.704826 -0.781843
v 0.000132 -0.713128 -0.787838
v 0.344091 -0.707229 -0.785355
v 0.541391 -0.701157 -0.782788
v 0.838741 -0.692161 -0.782434
v 1.037720 -0.682851 -0.783861
v 1.336746 -0.659014 -0.787567
v 1.584444 -0.621486 -0.788194
v 1.865312 -0.517453 -0.773017
v 1.983941 -0.425326 -0.758787
v 2.100780 -0.261165 -0.739431
v 2.119210 -0.213354 -0.735250
v 2.142111 -0.061752 -0.731311
v 2.142927 -0.011299 -0.732509
v -2.142930 -0.008202 -0.679630
v -2.138927 -0.059036 -0.679630
v -2.131780 -0.109896 -0.680335
v -2.106105 -0.209080 -0.682420
v -2.007723 -0.385892 -0.693091
v -1.859416 -0.520094 -0.708250
v -1.632006 -0.623549 -0.722410
v -1.486156 -0.660395 -0.726097
v -1.337833 -0.685348 -0.726909
v -1.088790 -0.710180 -0.724851
v -0.889499 -0.723131 -0.723699
v -0.740386 -0.730603 -0.723904
v -0.492651 -0.738227 -0.725051
v 0.000190 -0.746553 -0.730040
v 0.344948 -0.740770 -0.728249
v 0.542739 -0.734863 -0.726440
v 0.840831 -0.724863 -0.726287
v 1.040256 -0.714013 -0.727326
v 1.339442 -0.685689 -0.729183
v 1.586137 -0.640949 -0.727175
v 1.862273 -0.524831 -0.710919
v 1.978030 -0.428749 -0.698206
v 2.077267 -0.255928 -0.685469
v 2.091418 -0.207772 -0.683318
v 2.123189 -0.060664 -0.680694
v 2.127966 -0.010782 -0.680941
v -2.114840 -0.007149 -0.509597
v -2.110905 -0.057455 -0.509173
v -2.104509 -0.107549 -0.509162
v -2.081366 -0.205698 -0.509210
v -1.989550 -0.385134 -0.513138
v -1.847859 -0.528119 -0.521703
v -1.630408 -0.652953 -0.533447
v -1.488452 -0.703409 -0.538564
v -1.342262 -0.739837 -0.541695
v -1.094362 -0.778740 -0.543626
v -0.894872 -0.798657 -0.544237
v -0.745136 -0.808850 -0.544557
v -0.495875 -0.818570 -0.544973
v 0.000357 -0.827359 -0.547777
v 0.347488 -0.821472 -0.547394
v 0.546563 -0.815166 -0.546911
v 0.846261 -0.801203 -0.546882
v 1.046252 -0.785260 -0.546740
v 1.344727 -0.743303 -0.544711
v 1.587116 -0.677773 -0.538399
v 1.850379 -0.533922 -0.524191
v 1.957585 -0.427860 -0.516874
v 2.064152 -0.256445 -0.509964
v 2.081498 -0.208909 -0.509298
v 2.104649 -0.059933 -0.509067
v 2.106304 -0.009989 -0.509219
v -2.118193 -0.007731 -0.361734
v -2.115284 -0.058297 -0.361170
v -2.108002 -0.108723 -0.361101
v -2.079882 -0.206438 -0.360907
v -1.979330 -0.382520 -0.362308
v -1.839004 -0.528108 -0.366972
v -1.627042 -0.664015 -0.375123
v -1.487904 -0.722706 -0.379424
v -1.343575 -0.766653 -0.382543
v -1.097130 -0.815211 -0.385299
v -0.897884 -0.839915 -0.386372
v -0.747999 -0.852324 -0.386818
v -0.498058 -0.864528 -0.387263
v 0.000508 -0.874459 -0.389143
v 0.349310 -0.867999 -0.389357
v 0.549128 -0.860670 -0.389321
v 0.849357 -0.843224 -0.389177
v 1.049321 -0.823487 -0.388601
v 1.346367 -0.770930 -0.385468
v 1.585107 -0.691608 -0.379154
v 1.842810 -0.534587 -0.368724
v 1.948554 -0.426078 -0.364586
v 2.051410 -0.252435 -0.361957
v 2.068942 -0.204986 -0.361792
v 2.104992 -0.057907 -0.361783
v 2.110465 -0.008100 -0.361940
v -2.118532 -0.006834 -0.150623
v -2.113162 -0.057050 -0.150259
v -2.103536 -0.106712 -0.150385
v -2.072241 -0.202750 -0.150240
v -1.969039 -0.376669 -0.149970
v -1.828454 -0.522786 -0.151343
v -1.621866 -0.668139 -0.154296
v -1.485929 -0.734506 -0.156023
v -1.343837 -0.785730 -0.157413
v -1.099153 -0.843282 -0.158830
v -0.900147 -0.871570 -0.159403
v -0.750135 -0.885650 -0.159662
v -0.499702 -0.900315 -0.160018
v 0.000733 -0.911788 -0.161203
v 0.350896 -0.904742 -0.161851
v 0.551175 -0.896161 -0.162100
v 0.851675 -0.875360 -0.162197
v 1.051405 -0.852039 -0.161857
v 1.346485 -0.789136 -0.160088
v 1.580667 -0.696560 -0.157171
v 1.831211 -0.526003 -0.153103
v 1.939504 -0.418743 -0.151555
v 2.053369 -0.250773 -0.150826
v 2.073801 -0.204304 -0.150779
v 2.111831 -0.057408 -0.150303
v 2.117541 -0.007627 -0.150428
v -2.120124 -0.007317 -0.059326
v -2.116229 -0.057803 -0.058784
v -2.108207 -0.107762 -0.059072
v -2.076532 -0.203703 -0.059163
v -1.965499 -0.373653 -0.059072
v -1.825164 -0.520259 -0.059273
v -1.620661 -0.668433 -0.059891
v -1.485487 -0.736367 -0.060299
v -1.343890 -0.789027 -0.060636
v -1.099565 -0.848309 -0.060997
v -0.900544 -0.876954 -0.061167
v -0.750471 -0.891091 -0.061278
v -0.499925 -0.906143 -0.061499
v 0.000825 -0.917898 -0.062379
v 0.351191 -0.910841 -0.063156
v 0.551541 -0.902027 -0.063543
v 0.852071 -0.880656 -0.063871
v 1.051731 -0.856598 -0.063826
v 1.346308 -0.791485 -0.063220
v 1.579246 -0.696054 -0.062286
v 1.827697 -0.522692 -0.061155
v 1.936308 -0.415621 -0.060642
v 2.057272 -0.251257 -0.060238
v 2.081089 -0.205908 -0.060253
v 2.127524 -0.059372 -0.060482
v 2.133783 -0.009033 -0.060951
v -2.133257 -0.008373 0.058982
v -2.126714 -0.059361 0.059826
v -2.115896 -0.109700 0.059888
v -2.080362 -0.205727 0.060326
v -1.967011 -0.375060 0.061538
v -1.825478 -0.520725 0.063469
v -1.620998 -0.669020 0.065959
v -1.485796 -0.736959 0.067343
v -1.344146 -0.789581 0.068478
v -1.099740 -0.848788 0.069648
v -0.900582 -0.876810 0.070017
v -0.750426 -0.890446 0.070091
v -0.499831 -0.905320 0.070083
v 0.000928 -0.917029 0.069638
v 0.351271 -0.910196 0.068718
v 0.551594 -0.901399 0.068142
v 0.852097 -0.880138 0.067472
v 1.051727 -0.855988 0.067066
v 1.346207 -0.790545 0.065992
v 1.579091 -0.695121 0.064281
v 1.826868 -0.521580 0.061695
v 1.934866 -0.414624 0.060501
v 2.052621 -0.249612 0.059469
v 2.073734 -0.203414 0.059150
v 2.113474 -0.056896 0.058089
v 2.119426 -0.006919 0.057464
v -2.112325 -0.005963 0.208280
v -2.107937 -0.056391 0.209136
v -2.099410 -0.106323 0.209583
v -2.070373 -0.203347 0.210634
v -1.973686 -0.381360 0.212772
v -1.833042 -0.527389 0.216844
v -1.624334 -0.669788 0.223395
v -1.487327 -0.734049 0.226977
v -1.344561 -0.783596 0.229815
v -1.099264 -0.839079 0.232644
v -0.899789 -0.864622 0.233466
v -0.749558 -0.876833 0.233648
v -0.499071 -0.890481 0.233860
v 0.001022 -0.901563 0.233931
v 0.350824 -0.895336 0.232917
v 0.550928 -0.887012 0.232128
v 0.851286 -0.867234 0.231126
v 1.050974 -0.844473 0.230259
v 1.346173 -0.782699 0.227377
v 1.581244 -0.692856 0.222707
v 1.834530 -0.527321 0.215727
v 1.941849 -0.419811 0.213043
v 2.051426 -0.249966 0.211125
v 2.070980 -0.203306 0.210867
v 2.106816 -0.056347 0.210096
v 2.110463 -0.006096 0.209406
v -2.116907 -0.005740 0.447731
v -2.112138 -0.056109 0.448207
v -2.103657 -0.106222 0.448398
v -2.075601 -0.203673 0.449553
v -1.980324 -0.382083 0.455112
v -1.844063 -0.530055 0.464247
v -1.630244 -0.660824 0.476763
v -1.489361 -0.714409 0.482675
v -1.343802 -0.753867 0.486746
v -1.096094 -0.795988 0.489855
v -0.896111 -0.814447 0.490154
v -0.745964 -0.823225 0.490038
v -0.496103 -0.833379 0.490316
v 0.001071 -0.842963 0.491696
v 0.348625 -0.838080 0.490353
v 0.547838 -0.831295 0.489127
v 0.847628 -0.816311 0.488173
v 1.047471 -0.798738 0.487461
v 1.344715 -0.750119 0.484074
v 1.584684 -0.676925 0.476976
v 1.845383 -0.527582 0.463401
v 1.954053 -0.422546 0.456724
v 2.060901 -0.251335 0.450482
v 2.078525 -0.203863 0.449623
v 2.108836 -0.055572 0.448536
v 2.112325 -0.005552 0.448250
v -2.114549 -0.005433 0.536052
v -2.108965 -0.055556 0.536385
v -2.100962 -0.105356 0.536681
v -2.077042 -0.203024 0.538370
v -1.988260 -0.383355 0.545438
v -1.848762 -0.527593 0.557678
v -1.631753 -0.651492 0.572282
v -1.489159 -0.699593 0.578236
v -1.342380 -0.733634 0.581761
v -1.093796 -0.768887 0.583630
v -0.893803 -0.784296 0.583252
v -0.743824 -0.791728 0.582900
v -0.494509 -0.800489 0.583253
v 0.001045 -0.809793 0.585579
v 0.347448 -0.805231 0.583906
v 0.546107 -0.798995 0.582312
v 0.845365 -0.786228 0.581481
v 1.045175 -0.771238 0.581234
v 1.343228 -0.729416 0.578939
v 1.585413 -0.664871 0.572338
v 1.850203 -0.524855 0.556575
v 1.960074 -0.421833 0.547642
v 2.068648 -0.251433 0.539047
v 2.087409 -0.204276 0.537995
v 2.118555 -0.055649 0.536610
v 2.121050 -0.005533 0.536431
v -2.133834 -0.006191 0.620630
v -2.127664 -0.056815 0.621519
v -2.117817 -0.106955 0.622086
v -2.087246 -0.203628 0.624209
v -1.997459 -0.383485 0.635346
v -1.854580 -0.523390 0.651252
v -1.632511 -0.637144 0.667461
v -1.487859 -0.678274 0.672647
v -1.339906 -0.706107 0.674810
v -1.090761 -0.734363 0.674673
v -0.890970 -0.746920 0.673454
v -0.741325 -0.753108 0.672876
v -0.492772 -0.760674 0.673494
v 0.000997 -0.770021 0.677148
v 0.346159 -0.765522 0.674908
v 0.544176 -0.759626 0.672737
v 0.842634 -0.749026 0.671953
v 1.042231 -0.736720 0.672358
v 1.340908 -0.702292 0.671982
v 1.585462 -0.647807 0.667044
v 1.855853 -0.520128 0.649864
v 1.968530 -0.420880 0.638339
v 2.068514 -0.248255 0.626972
v 2.084131 -0.200690 0.625323
v 2.112437 -0.053503 0.622059
v 2.116157 -0.003743 0.621268
v -2.124157 -0.005314 0.678404
v -2.123093 -0.055642 0.678439
v -2.119826 -0.105987 0.677896
v -2.101040 -0.205491 0.679606
v -2.005142 -0.382898 0.695307
v -1.858451 -0.518627 0.713654
v -1.632188 -0.623532 0.730214
v -1.486162 -0.659329 0.734272
v -1.337596 -0.682927 0.735078
v -1.088334 -0.706818 0.733301
v -0.888849 -0.717638 0.731489
v -0.739530 -0.723056 0.730799
v -0.491573 -0.730038 0.731740
v 0.000955 -0.739574 0.736524
v 0.345269 -0.734954 0.733729
v 0.542819 -0.729183 0.731042
v 0.840626 -0.719828 0.730188
v 1.039912 -0.709294 0.731071
v 1.338796 -0.679861 0.732393
v 1.584852 -0.632718 0.729361
v 1.859772 -0.515303 0.712063
v 1.974895 -0.419271 0.698788
v 2.087996 -0.252578 0.682239
v 2.106246 -0.204857 0.679337
v 2.137079 -0.054790 0.674470
v 2.140453 -0.004470 0.673777
v -2.145561 -0.004874 0.788630
v -2.144168 -0.055159 0.788916
v -2.140657 -0.105462 0.789014
v -2.120587 -0.204449 0.793895
v -2.019846 -0.377538 0.815498
v -1.864204 -0.501394 0.838021
v -1.628766 -0.583468 0.851927
v -1.480631 -0.608126 0.852075
v -1.331492 -0.623890 0.849343
v -1.082769 -0.640022 0.843862
v -0.884282 -0.647818 0.840962
v -0.735777 -0.651825 0.840037
v -0.489189 -0.658358 0.842253
v 0.000854 -0.668459 0.849877
v 0.343503 -0.663200 0.845384
v 0.540077 -0.657713 0.841506
v 0.836336 -0.649928 0.839871
v 1.034690 -0.642706 0.841850
v 1.333124 -0.622585 0.847093
v 1.581360 -0.590585 0.849985
v 1.866224 -0.498833 0.836084
v 1.987947 -0.411885 0.819875
v 2.102721 -0.248879 0.797528
v 2.119038 -0.201352 0.793095
v 2.147484 -0.053207 0.785693
v 2.151241 -0.003249 0.784732
v -2.176383 -0.005705 0.839213
v -2.171745 -0.056322 0.840833
v -2.162770 -0.106584 0.843237
v -2.132445 -0.203189 0.851856
v -2.027331 -0.372969 0.875839
v -1.865487 -0.487746 0.899575
v -1.625634 -0.556193 0.909721
v -1.476930 -0.575518 0.907160
v -1.327889 -0.587808 0.902394
v -1.079784 -0.600522 0.894909
v -0.881925 -0.607118 0.891601
v -0.733894 -0.610473 0.890534
v -0.488051 -0.617131 0.893801
v 0.000799 -0.627494 0.903091
v 0.342660 -0.621724 0.897355
v 0.538751 -0.616571 0.892979
v 0.834148 -0.609020 0.890428
v 1.031909 -0.603312 0.893046
v 1.329693 -0.587143 0.900231
v 1.578306 -0.562273 0.907004
v 1.867832 -0.485552 0.897461
v 1.994112 -0.405668 0.880636
v 2.115840 -0.247895 0.855241
v 2.136583 -0.201958 0.849482
v 2.172148 -0.054152 0.838192
v 2.176126 -0.003818 0.836443
v -2.216219 -0.005250 0.979325
v -2.210823 -0.055680 0.981655
v -2.201118 -0.105466 0.985144
v -2.168184 -0.200464 0.995878
v -2.043755 -0.353179 1.027436
v -1.861668 -0.431770 1.046837
v -1.614616 -0.464358 1.038882
v -1.466225 -0.472731 1.028647
v -1.318306 -0.478261 1.018814
v -1.072417 -0.484133 1.006176
v -0.876240 -0.489046 1.003154
v -0.729457 -0.491084 1.001774
v -0.485482 -0.498055 1.008320
v 0.000647 -0.508573 1.022166
v 0.340745 -0.501487 1.012071
v 0.535743 -0.497890 1.007429
v 0.828956 -0.490376 1.001392
v 1.025074 -0.487471 1.005238
v 1.320484 -0.478552 1.016398
v 1.567634 -0.467753 1.033634
v 1.864313 -0.429912 1.044318
v 2.004264 -0.377239 1.032229
v 2.147079 -0.241885 1.000710
v 2.170972 -0.197873 0.993510
v 2.213504 -0.052993 0.978041
v 2.218365 -0.002753 0.975636
v -2.239847 -0.004482 1.064670
v -2.236738 -0.054733 1.066292
v -2.227984 -0.104437 1.069828
v -2.191522 -0.197424 1.082794
v -2.047035 -0.328276 1.117183
v -1.854008 -0.376959 1.123511
v -1.607237 -0.392802 1.101315
v -1.459865 -0.397139 1.087065
v -1.312904 -0.400284 1.075011
v -1.068503 -0.403436 1.059604
v -0.873220 -0.407976 1.057835
v -0.727135 -0.409857 1.057134
v -0.484152 -0.415973 1.064545
v 0.000549 -0.426016 1.081145
v 0.339751 -0.418981 1.068428
v 0.534197 -0.416187 1.063823
v 0.826256 -0.409543 1.056456
v 1.021457 -0.407082 1.059427
v 1.315219 -0.401123 1.072541
v 1.560558 -0.395346 1.094907
v 1.856741 -0.375939 1.121418
v 2.003158 -0.344222 1.119767
v 2.165570 -0.234939 1.089056
v 2.193359 -0.193901 1.080144
v 2.241046 -0.052019 1.062094
v 2.246428 -0.001962 1.059165
v -2.271589 -0.003975 1.147300
v -2.269136 -0.054147 1.148965
v -2.258776 -0.103311 1.153403
v -2.212532 -0.190304 1.171105
v -2.041700 -0.283619 1.199147
v -1.844763 -0.304766 1.183829
v -1.600611 -0.311206 1.150162
v -1.454382 -0.313208 1.133009
v -1.308353 -0.314841 1.119405
v -1.065217 -0.316485 1.102344
v -0.870667 -0.320318 1.101431
v -0.725185 -0.322738 1.103453
v -0.482977 -0.326943 1.109232
v 0.000458 -0.336009 1.128481
v 0.338894 -0.330192 1.114542
v 0.532834 -0.327539 1.108725
v 0.824026 -0.322846 1.102419
v 1.018453 -0.319859 1.101702
v 1.310648 -0.316334 1.117431
v 1.554264 -0.313147 1.142490
v 1.847369 -0.304925 1.182892
v 1.995342 -0.291306 1.196670
v 2.179285 -0.220995 1.178479
v 2.214278 -0.186521 1.168080
v 2.272950 -0.051068 1.145003
v 2.278028 -0.001149 1.142112
v -2.328014 -0.003481 1.251545
v -2.318454 -0.052503 1.256919
v -2.297849 -0.097426 1.266789
v -2.221836 -0.157315 1.288477
v -2.027565 -0.186326 1.275107
v -1.834971 -0.189778 1.234952
v -1.594359 -0.191422 1.192442
v -1.449173 -0.192441 1.175424
v -1.304219 -0.192591 1.158924
v -1.061829 -0.193863 1.143724
v -0.867966 -0.195695 1.139331
v -0.723318 -0.198930 1.149716
v -0.481658 -0.200338 1.148958
v 0.000365 -0.207326 1.171755
v 0.338009 -0.204275 1.159589
v 0.531254 -0.201384 1.148519
v 0.821933 -0.199695 1.147959
v 1.015472 -0.195895 1.136754
v 1.306215 -0.194778 1.158335
v 1.548524 -0.192878 1.182559
v 1.837208 -0.190614 1.234861
v 1.981725 -0.188019 1.265265
v 2.177350 -0.169982 1.289606
v 2.224667 -0.154477 1.285110
v 2.321274 -0.049206 1.253405
v 2.331164 -0.000327 1.247969
v -2.393786 -0.002450 1.385061
v -2.349645 -0.025558 1.397385
v -2.300277 -0.031189 1.396724
v -2.204157 -0.033442 1.373901
v -2.019167 -0.033131 1.308174
v -1.830623 -0.033114 1.255786
v -1.592556 -0.033147 1.206675
v -1.446755 -0.033461 1.199906
v -1.302492 -0.033161 1.176812
v -1.059204 -0.033704 1.170605
v -0.865983 -0.033872 1.153955
v -0.722458 -0.035365 1.178847
v -0.480609 -0.035537 1.166092
v 0.000233 -0.038545 1.195515
v 0.337414 -0.038324 1.188002
v 0.529801 -0.037180 1.166473
v 0.820985 -0.037264 1.176295
v 1.013576 -0.035648 1.148894
v 1.304005 -0.035465 1.176188
v 1.546340 -0.034688 1.196827
v 1.832345 -0.033949 1.256013
v 1.973947 -0.033358 1.294720
v 2.161389 -0.031925 1.351950
v 2.206830 -0.031727 1.371214
v 2.351844 -0.020911 1.392346
v 2.396806 0.000896 1.381429
v 2.396658 0.000141 -1.386013
v 2.374464 0.001070 -1.330221
v 2.316554 0.001464 -1.226535
v 2.279077 0.001906 -1.145999
v 2.247098 0.002285 -1.063309
v 2.206891 0.002525 -0.952505
v 2.166646 0.002162 -0.842942
v 2.143448 0.002611 -0.732017
v 2.127011 0.002100 -0.680719
v 2.105960 0.002277 -0.509227
v 2.110708 0.005049 -0.361938
v 2.117710 0.006753 -0.150430
v 2.133955 0.008768 -0.060953
v 2.119706 0.007841 0.057582
v 2.110277 0.006862 0.209434
v 2.112173 0.007886 0.448237
v 2.120271 0.008627 0.536574
v 2.116099 0.008732 0.621096
v 2.141120 0.009886 0.673759
v 2.152094 0.009577 0.784731
v 2.175748 0.010383 0.836536
v 2.218388 0.010841 0.975539
v 2.246289 0.010854 1.059138
v 2.277908 0.010901 1.142092
v 2.330820 0.011297 1.247982
v 2.396767 0.011407 1.381383
v -2.394570 0.000625 -1.387337
v -2.371255 0.000819 -1.332254
v -2.313455 0.001411 -1.228577
v -2.273600 0.002016 -1.149186
v -2.238903 0.002794 -1.068006
v -2.206846 0.004195 -0.954762
v -2.167759 0.004783 -0.844422
v -2.129631 0.005582 -0.737400
v -2.143018 0.006545 -0.679671
v -2.114816 0.006379 -0.509658
v -2.117893 0.006174 -0.361838
v -2.118538 0.006648 -0.150720
v -2.119746 0.006844 -0.059401
v -2.133311 0.008947 0.058913
v -2.112455 0.006986 0.208212
v -2.117293 0.008092 0.447593
v -2.114196 0.007449 0.535876
v -2.133683 0.008260 0.620428
v -2.124182 0.007469 0.678264
v -2.145550 0.007656 0.788534
v -2.176382 0.008815 0.839100
v -2.216170 0.008504 0.979272
v -2.239812 0.007975 1.064601
v -2.271536 0.007958 1.147235
v -2.328233 0.008190 1.251245
v -2.393944 0.008012 1.384941
vt 0.268465 0.056442
vt 0.273035 0.055541
vt 0.277529 0.054536
vt 0.286485 0.052500
vt 0.304454 0.048940
vt 0.322471 0.045375
vt 0.345126 0.041082
vt 0.358733 0.038489
vt 0.372378 0.036057
vt 0.395082 0.031799
vt 0.413308 0.028461
vt 0.426945 0.025671
vt 0.449869 0.021825
vt 0.495928 0.014859
vt 0.528516 0.011960
vt 0.547222 0.011019
vt 0.575247 0.009543
vt 0.593944 0.009145
vt 0.621886 0.008097
vt 0.645117 0.007349
vt 0.672933 0.006544
vt 0.686785 0.006246
vt 0.705176 0.005923
vt 0.709766 0.005784
vt 0.723458 0.006001
vt 0.728063 0.006138
vt 0.268624 0.057358
vt 0.273229 0.056535
vt 0.277767 0.055667
vt 0.286744 0.053820
vt 0.304714 0.050282
vt 0.322739 0.046763
vt 0.345386 0.042511
vt 0.359005 0.040004
vt 0.372640 0.037549
vt 0.395374 0.033421
vt 0.413614 0.030114
vt 0.427279 0.027573
vt 0.450174 0.023745
vt 0.496190 0.017111
vt 0.528683 0.014100
vt 0.547346 0.012920
vt 0.575338 0.011392
vt 0.594027 0.010713
vt 0.621969 0.009615
vt 0.645199 0.008799
vt 0.673000 0.007957
vt 0.686849 0.007634
vt 0.705243 0.007233
vt 0.709820 0.007141
vt 0.723467 0.007005
vt 0.728057 0.007071
vt 0.273886 0.059261
vt 0.278364 0.058406
vt 0.287315 0.056605
vt 0.305261 0.053097
vt 0.323270 0.049596
vt 0.345894 0.045356
vt 0.359518 0.042866
vt 0.373144 0.040419
vt 0.395883 0.036311
vt 0.414123 0.033012
vt 0.427784 0.030520
vt 0.450641 0.026708
vt 0.496564 0.020160
vt 0.528962 0.017128
vt 0.547580 0.015904
vt 0.575531 0.014359
vt 0.594196 0.013628
vt 0.622128 0.012527
vt 0.645347 0.011693
vt 0.673122 0.010841
vt 0.686960 0.010508
vt 0.705337 0.010080
vt 0.709910 0.009985
vt 0.723649 0.009807
vt 0.269305 0.060027
vt 0.728346 0.009817
vt 0.271998 0.073566
vt 0.276536 0.072821
vt 0.281067 0.072059
vt 0.290052 0.070504
vt 0.307927 0.067199
vt 0.325876 0.063816
vt 0.348429 0.059674
vt 0.362028 0.057253
vt 0.375622 0.054841
vt 0.398332 0.050861
vt 0.416542 0.047670
vt 0.430166 0.045361
vt 0.452891 0.041656
vt 0.498400 0.035430
vt 0.530426 0.032314
vt 0.548859 0.030925
vt 0.576598 0.029271
vt 0.595145 0.028350
vt 0.622978 0.027150
vt 0.646116 0.026229
vt 0.673780 0.025286
vt 0.687561 0.024879
vt 0.705879 0.024331
vt 0.710461 0.024187
vt 0.724233 0.023738
vt 0.728817 0.023552
vt 0.273797 0.084440
vt 0.278334 0.083736
vt 0.282903 0.083013
vt 0.291974 0.081552
vt 0.309926 0.078414
vt 0.327859 0.075154
vt 0.350377 0.071125
vt 0.363941 0.068760
vt 0.377515 0.066411
vt 0.400183 0.062524
vt 0.418336 0.059450
vt 0.431926 0.057234
vt 0.454579 0.053641
vt 0.499833 0.047582
vt 0.531647 0.044407
vt 0.549956 0.042951
vt 0.577547 0.041183
vt 0.596001 0.040161
vt 0.623728 0.038856
vt 0.646789 0.037847
vt 0.674381 0.036794
vt 0.688135 0.036313
vt 0.706437 0.035664
vt 0.711021 0.035481
vt 0.724817 0.034823
vt 0.729393 0.034589
vt 0.275045 0.092615
vt 0.279590 0.091941
vt 0.284169 0.091217
vt 0.293296 0.089829
vt 0.311349 0.086801
vt 0.329283 0.083620
vt 0.351774 0.079686
vt 0.365315 0.077372
vt 0.378872 0.075075
vt 0.401507 0.071266
vt 0.419619 0.068279
vt 0.433188 0.066114
vt 0.455787 0.062617
vt 0.500889 0.056660
vt 0.532575 0.053445
vt 0.550806 0.051952
vt 0.578298 0.050091
vt 0.596687 0.049006
vt 0.624331 0.047603
vt 0.647340 0.046527
vt 0.674876 0.045387
vt 0.688607 0.044871
vt 0.706927 0.044132
vt 0.711521 0.043907
vt 0.725363 0.043143
vt 0.729944 0.042884
vt 0.276221 0.100807
vt 0.280787 0.100155
vt 0.285375 0.099442
vt 0.294538 0.098088
vt 0.312702 0.095180
vt 0.330666 0.092075
vt 0.353125 0.088231
vt 0.366642 0.085969
vt 0.380180 0.083723
vt 0.402779 0.079996
vt 0.420855 0.077090
vt 0.434403 0.074970
vt 0.456953 0.071570
vt 0.501931 0.065708
vt 0.533511 0.062460
vt 0.551676 0.060927
vt 0.579078 0.058973
vt 0.597409 0.057829
vt 0.624968 0.056324
vt 0.647921 0.055182
vt 0.675395 0.053972
vt 0.689113 0.053422
vt 0.707478 0.052558
vt 0.712089 0.052289
vt 0.725971 0.051477
vt 0.730552 0.051190
vt 0.278144 0.114484
vt 0.282727 0.113859
vt 0.287325 0.113177
vt 0.296495 0.111847
vt 0.314804 0.109122
vt 0.332868 0.106189
vt 0.355290 0.102480
vt 0.368763 0.100288
vt 0.382265 0.098112
vt 0.404801 0.094520
vt 0.422827 0.091729
vt 0.436337 0.089688
vt 0.458818 0.086439
vt 0.503641 0.080730
vt 0.535086 0.077433
vt 0.553164 0.075826
vt 0.580432 0.073723
vt 0.598677 0.072482
vt 0.626098 0.070820
vt 0.648946 0.069583
vt 0.676324 0.068275
vt 0.690063 0.067615
vt 0.708509 0.066524
vt 0.713139 0.066231
vt 0.727065 0.065381
vt 0.731641 0.065074
vt 0.278947 0.119966
vt 0.283508 0.119352
vt 0.288096 0.118682
vt 0.297265 0.117371
vt 0.315603 0.114696
vt 0.333702 0.111844
vt 0.356130 0.108195
vt 0.369588 0.106022
vt 0.383072 0.103865
vt 0.405582 0.100321
vt 0.423589 0.097571
vt 0.437084 0.095563
vt 0.459540 0.092369
vt 0.504317 0.086718
vt 0.535721 0.083403
vt 0.553770 0.081766
vt 0.580991 0.079606
vt 0.599204 0.078328
vt 0.626572 0.076616
vt 0.649372 0.075351
vt 0.676728 0.073988
vt 0.690484 0.073274
vt 0.708981 0.072119
vt 0.713618 0.071825
vt 0.727513 0.070955
vt 0.732070 0.070632
vt 0.280441 0.130958
vt 0.285007 0.130364
vt 0.289597 0.129713
vt 0.298769 0.128446
vt 0.317129 0.125863
vt 0.335284 0.123172
vt 0.357751 0.119650
vt 0.371199 0.117511
vt 0.384656 0.115384
vt 0.407108 0.111917
vt 0.425076 0.109243
vt 0.438542 0.107298
vt 0.460953 0.104204
vt 0.505655 0.098659
vt 0.536997 0.095312
vt 0.554998 0.093616
vt 0.582132 0.091351
vt 0.600283 0.090009
vt 0.627545 0.088221
vt 0.650265 0.086909
vt 0.677604 0.085401
vt 0.691389 0.084574
vt 0.709929 0.083334
vt 0.714552 0.083025
vt 0.728450 0.082124
vt 0.733039 0.081797
vt 0.281130 0.136465
vt 0.285721 0.135884
vt 0.290330 0.135240
vt 0.299509 0.133994
vt 0.317856 0.131464
vt 0.336033 0.128846
vt 0.358530 0.125384
vt 0.371983 0.123262
vt 0.385434 0.121150
vt 0.407861 0.117716
vt 0.425805 0.115075
vt 0.439256 0.113160
vt 0.461646 0.110111
vt 0.506318 0.104612
vt 0.537637 0.101250
vt 0.555616 0.099528
vt 0.582712 0.097217
vt 0.600831 0.095848
vt 0.628044 0.094033
vt 0.650737 0.092694
vt 0.678078 0.091104
vt 0.691866 0.090219
vt 0.710407 0.088949
vt 0.715037 0.088636
vt 0.728950 0.087718
vt 0.733495 0.087388
vt 0.282244 0.144743
vt 0.286813 0.144184
vt 0.291409 0.143554
vt 0.300577 0.142337
vt 0.318915 0.139880
vt 0.337113 0.137364
vt 0.359661 0.133982
vt 0.373131 0.131888
vt 0.386582 0.129802
vt 0.408981 0.126420
vt 0.426889 0.123826
vt 0.440315 0.121949
vt 0.462674 0.118960
vt 0.507308 0.113521
vt 0.538597 0.110138
vt 0.556549 0.108382
vt 0.583586 0.106011
vt 0.601657 0.104612
vt 0.628810 0.102758
vt 0.651482 0.101373
vt 0.678834 0.099657
vt 0.692631 0.098696
vt 0.711150 0.097384
vt 0.715784 0.097061
vt 0.729704 0.096117
vt 0.734267 0.095791
vt 0.283272 0.153066
vt 0.287850 0.152510
vt 0.292454 0.151889
vt 0.301619 0.150697
vt 0.319929 0.148336
vt 0.338150 0.145885
vt 0.360755 0.142567
vt 0.374249 0.140506
vt 0.387708 0.138453
vt 0.410089 0.135130
vt 0.427967 0.132582
vt 0.441366 0.130737
vt 0.463691 0.127797
vt 0.508290 0.122406
vt 0.539556 0.119006
vt 0.557483 0.117223
vt 0.584458 0.114809
vt 0.602486 0.113381
vt 0.629596 0.111483
vt 0.652267 0.110043
vt 0.679639 0.108209
vt 0.693431 0.107180
vt 0.711918 0.105834
vt 0.716545 0.105502
vt 0.730448 0.104538
vt 0.735008 0.104203
vt 0.285869 0.175525
vt 0.290435 0.175001
vt 0.295033 0.174409
vt 0.304212 0.173284
vt 0.322547 0.171012
vt 0.340836 0.168590
vt 0.363578 0.165382
vt 0.377130 0.163429
vt 0.390614 0.161498
vt 0.412974 0.158367
vt 0.430799 0.155945
vt 0.444149 0.154177
vt 0.466389 0.151326
vt 0.510889 0.146004
vt 0.542089 0.142585
vt 0.559946 0.140772
vt 0.586784 0.138279
vt 0.604725 0.136767
vt 0.631762 0.134694
vt 0.654470 0.133072
vt 0.681952 0.131065
vt 0.695749 0.129999
vt 0.714174 0.128562
vt 0.718784 0.128210
vt 0.732629 0.127204
vt 0.737184 0.126849
vt 0.287351 0.189767
vt 0.291969 0.189304
vt 0.296612 0.188685
vt 0.305784 0.187566
vt 0.324169 0.185220
vt 0.342529 0.182757
vt 0.365322 0.179611
vt 0.378888 0.177738
vt 0.392375 0.175895
vt 0.414721 0.172893
vt 0.432525 0.170546
vt 0.445857 0.168817
vt 0.468064 0.166006
vt 0.512499 0.160704
vt 0.543649 0.157292
vt 0.561471 0.155474
vt 0.588247 0.152940
vt 0.606147 0.151370
vt 0.633141 0.149157
vt 0.655844 0.147404
vt 0.683370 0.145337
vt 0.697213 0.144310
vt 0.715689 0.142986
vt 0.720306 0.142665
vt 0.734202 0.141735
vt 0.738744 0.141336
vt 0.288835 0.201183
vt 0.293435 0.200636
vt 0.298042 0.200043
vt 0.307224 0.198901
vt 0.325585 0.196521
vt 0.343926 0.194059
vt 0.366715 0.190988
vt 0.380277 0.189188
vt 0.393758 0.187418
vt 0.416090 0.184516
vt 0.433881 0.182221
vt 0.447202 0.180518
vt 0.469390 0.177731
vt 0.513779 0.172444
vt 0.544890 0.169042
vt 0.562688 0.167224
vt 0.589426 0.164662
vt 0.607299 0.163047
vt 0.634250 0.160723
vt 0.656922 0.158867
vt 0.684424 0.156754
vt 0.698259 0.155750
vt 0.716742 0.154454
vt 0.721364 0.154140
vt 0.735311 0.153259
vt 0.739880 0.152949
vt 0.290017 0.209800
vt 0.294608 0.209283
vt 0.299205 0.208680
vt 0.308372 0.207502
vt 0.326703 0.205028
vt 0.345009 0.202533
vt 0.367763 0.199522
vt 0.381311 0.197780
vt 0.394781 0.196067
vt 0.417100 0.193235
vt 0.434884 0.190974
vt 0.448200 0.189287
vt 0.470376 0.186514
vt 0.514731 0.181237
vt 0.545816 0.177845
vt 0.563599 0.176029
vt 0.590314 0.173450
vt 0.608168 0.171804
vt 0.635084 0.169402
vt 0.657717 0.167474
vt 0.685173 0.165330
vt 0.698984 0.164347
vt 0.717421 0.163117
vt 0.722032 0.162822
vt 0.735919 0.161964
vt 0.740483 0.161665
vt 0.292643 0.229723
vt 0.297220 0.229166
vt 0.301831 0.228534
vt 0.311025 0.227330
vt 0.329368 0.224851
vt 0.347601 0.222371
vt 0.370215 0.219514
vt 0.383695 0.217891
vt 0.397121 0.216283
vt 0.419411 0.213576
vt 0.437191 0.211375
vt 0.450504 0.209717
vt 0.472667 0.206970
vt 0.516930 0.201721
vt 0.547935 0.198356
vt 0.565692 0.196546
vt 0.592379 0.193939
vt 0.610207 0.192241
vt 0.637038 0.189701
vt 0.659538 0.187629
vt 0.686792 0.185412
vt 0.700527 0.184484
vt 0.718921 0.183358
vt 0.723528 0.183073
vt 0.737378 0.182218
vt 0.741935 0.181898
vt 0.294465 0.243724
vt 0.299033 0.243188
vt 0.303641 0.242570
vt 0.312823 0.241387
vt 0.331183 0.238979
vt 0.349383 0.236608
vt 0.371911 0.233885
vt 0.385347 0.232318
vt 0.398746 0.230750
vt 0.421030 0.228086
vt 0.438822 0.225914
vt 0.452145 0.224274
vt 0.474305 0.221552
vt 0.518483 0.216352
vt 0.549412 0.212996
vt 0.567142 0.211175
vt 0.593826 0.208549
vt 0.611654 0.206832
vt 0.638450 0.204250
vt 0.660852 0.202124
vt 0.687938 0.199831
vt 0.701631 0.198857
vt 0.720052 0.197622
vt 0.724673 0.197320
vt 0.738552 0.196435
vt 0.743105 0.196121
vt 0.301127 0.260024
vt 0.305743 0.259422
vt 0.314934 0.258266
vt 0.333268 0.255907
vt 0.351387 0.253716
vt 0.373836 0.251157
vt 0.387252 0.249638
vt 0.400652 0.248095
vt 0.422958 0.245459
vt 0.440774 0.243317
vt 0.454105 0.241710
vt 0.476249 0.239047
vt 0.520332 0.233938
vt 0.551166 0.230577
vt 0.568861 0.228720
vt 0.595518 0.226047
vt 0.613354 0.224312
vt 0.640160 0.221719
vt 0.662512 0.219577
vt 0.689458 0.217127
vt 0.703092 0.216004
vt 0.721520 0.214669
vt 0.726146 0.214350
vt 0.740033 0.213421
vt 0.296516 0.260565
vt 0.744596 0.213099
vt 0.297304 0.266172
vt 0.301867 0.265647
vt 0.306456 0.265048
vt 0.315629 0.263900
vt 0.333933 0.261576
vt 0.352026 0.259431
vt 0.374456 0.256915
vt 0.387874 0.255405
vt 0.401281 0.253868
vt 0.423601 0.251242
vt 0.441419 0.249116
vt 0.454751 0.247524
vt 0.476890 0.244882
vt 0.520945 0.239809
vt 0.551751 0.236442
vt 0.569434 0.234570
vt 0.596078 0.231879
vt 0.613912 0.230132
vt 0.640729 0.227533
vt 0.663086 0.225386
vt 0.690008 0.222880
vt 0.703626 0.221718
vt 0.722036 0.220351
vt 0.726655 0.220028
vt 0.740548 0.219095
vt 0.745107 0.218748
vt 0.298662 0.277432
vt 0.303228 0.276902
vt 0.307833 0.276308
vt 0.317006 0.275177
vt 0.335233 0.272921
vt 0.353271 0.270888
vt 0.375681 0.268429
vt 0.389113 0.266930
vt 0.402538 0.265405
vt 0.424878 0.262819
vt 0.442698 0.260728
vt 0.456032 0.259164
vt 0.478163 0.256562
vt 0.522165 0.251562
vt 0.552929 0.248181
vt 0.570586 0.246280
vt 0.597200 0.243550
vt 0.615030 0.241778
vt 0.641861 0.239143
vt 0.664248 0.236974
vt 0.691146 0.234376
vt 0.704701 0.233124
vt 0.723006 0.231700
vt 0.727616 0.231373
vt 0.741496 0.230425
vt 0.746064 0.230084
vt 0.300003 0.288697
vt 0.304591 0.288173
vt 0.309196 0.287589
vt 0.318342 0.286455
vt 0.336501 0.284322
vt 0.354486 0.282373
vt 0.376905 0.279935
vt 0.390350 0.278456
vt 0.403784 0.276959
vt 0.426142 0.274425
vt 0.443964 0.272369
vt 0.457300 0.270827
vt 0.479425 0.268265
vt 0.523375 0.263322
vt 0.554120 0.259928
vt 0.571750 0.258015
vt 0.598329 0.255241
vt 0.616158 0.253439
vt 0.643003 0.250749
vt 0.665407 0.248536
vt 0.692323 0.245876
vt 0.705818 0.244569
vt 0.724001 0.243030
vt 0.728596 0.242719
vt 0.742441 0.241770
vt 0.747014 0.241429
vt 0.301388 0.299984
vt 0.305945 0.299464
vt 0.310532 0.298903
vt 0.319659 0.297791
vt 0.337743 0.295790
vt 0.355705 0.293874
vt 0.378127 0.291465
vt 0.391577 0.290025
vt 0.405018 0.288559
vt 0.427392 0.286072
vt 0.445223 0.284046
vt 0.458557 0.282516
vt 0.480680 0.279997
vt 0.524578 0.275082
vt 0.555317 0.271687
vt 0.572925 0.269780
vt 0.599475 0.266959
vt 0.617304 0.265125
vt 0.644163 0.262377
vt 0.666575 0.260113
vt 0.693501 0.257394
vt 0.706969 0.256065
vt 0.725023 0.254438
vt 0.729578 0.254081
vt 0.743368 0.253137
vt 0.747938 0.252797
vt 0.302393 0.308459
vt 0.306951 0.307958
vt 0.311525 0.307403
vt 0.320621 0.306353
vt 0.338670 0.304429
vt 0.356625 0.302525
vt 0.379038 0.300157
vt 0.392491 0.298743
vt 0.405939 0.297297
vt 0.428319 0.294834
vt 0.446165 0.292827
vt 0.459493 0.291302
vt 0.481618 0.288812
vt 0.525477 0.283905
vt 0.556211 0.280517
vt 0.573813 0.278617
vt 0.600351 0.275766
vt 0.618179 0.273907
vt 0.645044 0.271122
vt 0.667464 0.268824
vt 0.694385 0.266059
vt 0.707847 0.264713
vt 0.725830 0.263033
vt 0.730355 0.262657
vt 0.744073 0.261680
vt 0.748638 0.261338
vt 0.303359 0.316954
vt 0.307914 0.316477
vt 0.312479 0.315939
vt 0.321564 0.314973
vt 0.339597 0.313091
vt 0.357539 0.311222
vt 0.379945 0.308893
vt 0.393399 0.307494
vt 0.406856 0.306065
vt 0.429243 0.303614
vt 0.447107 0.301624
vt 0.460426 0.300103
vt 0.482551 0.297634
vt 0.526379 0.292733
vt 0.557097 0.289353
vt 0.574705 0.287455
vt 0.601233 0.284581
vt 0.619064 0.282699
vt 0.645934 0.279888
vt 0.668368 0.277561
vt 0.695284 0.274767
vt 0.708740 0.273395
vt 0.726686 0.271658
vt 0.731184 0.271263
vt 0.744821 0.270238
vt 0.749378 0.269899
vt 0.304542 0.328311
vt 0.309130 0.327891
vt 0.313741 0.327444
vt 0.322828 0.326540
vt 0.340810 0.324722
vt 0.358742 0.322893
vt 0.381147 0.320579
vt 0.394613 0.319181
vt 0.408090 0.317761
vt 0.430487 0.315326
vt 0.448360 0.313360
vt 0.461669 0.311853
vt 0.483785 0.309390
vt 0.527586 0.304513
vt 0.558278 0.301132
vt 0.575897 0.299224
vt 0.602426 0.296333
vt 0.620257 0.294427
vt 0.647135 0.291576
vt 0.669595 0.289232
vt 0.696521 0.286434
vt 0.709982 0.285052
vt 0.727930 0.283235
vt 0.732414 0.282796
vt 0.745935 0.281674
vt 0.750497 0.281357
vt 0.305148 0.334004
vt 0.309858 0.333655
vt 0.314432 0.333252
vt 0.323443 0.332362
vt 0.341413 0.330570
vt 0.359348 0.328746
vt 0.381758 0.326423
vt 0.395226 0.325025
vt 0.408711 0.323601
vt 0.431107 0.321175
vt 0.448980 0.319227
vt 0.462289 0.317723
vt 0.484400 0.315274
vt 0.528191 0.310415
vt 0.558868 0.307025
vt 0.576493 0.305110
vt 0.603026 0.302201
vt 0.620854 0.300290
vt 0.647738 0.297416
vt 0.670210 0.295068
vt 0.697148 0.292278
vt 0.710618 0.290897
vt 0.728591 0.289071
vt 0.733087 0.288621
vt 0.746534 0.287358
vt 0.751193 0.287132
vt 0.305699 0.336848
vt 0.310259 0.336576
vt 0.314745 0.336174
vt 0.323757 0.335256
vt 0.341716 0.333492
vt 0.359654 0.331668
vt 0.382063 0.329335
vt 0.395531 0.327941
vt 0.409015 0.326505
vt 0.431413 0.324061
vt 0.449289 0.322126
vt 0.462593 0.320607
vt 0.484705 0.318168
vt 0.528488 0.313303
vt 0.559164 0.309915
vt 0.576790 0.308006
vt 0.603323 0.305089
vt 0.621157 0.303192
vt 0.648037 0.300325
vt 0.670512 0.297977
vt 0.697458 0.295194
vt 0.710933 0.293814
vt 0.728914 0.291978
vt 0.733412 0.291513
vt 0.746952 0.290252
vt 0.751532 0.290025
vt 0.305732 0.337830
vt 0.310368 0.337618
vt 0.314901 0.337287
vt 0.323896 0.336484
vt 0.341857 0.334733
vt 0.359795 0.332947
vt 0.382203 0.330639
vt 0.395671 0.329207
vt 0.409155 0.327793
vt 0.431559 0.325454
vt 0.449438 0.323537
vt 0.462757 0.322177
vt 0.484868 0.319789
vt 0.528664 0.315027
vt 0.559315 0.311606
vt 0.576944 0.309619
vt 0.603470 0.306618
vt 0.621302 0.304541
vt 0.648175 0.301608
vt 0.670648 0.299246
vt 0.697590 0.296459
vt 0.711060 0.295052
vt 0.729039 0.293171
vt 0.733535 0.292729
vt 0.747022 0.291303
vt 0.751635 0.291000
vt 0.306113 0.340718
vt 0.310739 0.340523
vt 0.315237 0.340186
vt 0.324226 0.339382
vt 0.342176 0.337655
vt 0.360109 0.335869
vt 0.382513 0.333555
vt 0.395978 0.332126
vt 0.409458 0.330703
vt 0.431861 0.328352
vt 0.449731 0.326453
vt 0.463055 0.325081
vt 0.485160 0.322712
vt 0.528965 0.317949
vt 0.559622 0.314526
vt 0.577252 0.312538
vt 0.603783 0.309523
vt 0.621612 0.307455
vt 0.648479 0.304523
vt 0.670947 0.302160
vt 0.697890 0.299377
vt 0.711362 0.297969
vt 0.729344 0.296079
vt 0.733847 0.295623
vt 0.747445 0.294213
vt 0.752133 0.293852
vt 0.306783 0.346502
vt 0.311358 0.346219
vt 0.315896 0.345942
vt 0.324888 0.345201
vt 0.342815 0.343500
vt 0.360740 0.341718
vt 0.383140 0.339400
vt 0.396596 0.337974
vt 0.410067 0.336550
vt 0.432465 0.334198
vt 0.450324 0.332319
vt 0.463653 0.330944
vt 0.485750 0.328589
vt 0.529572 0.323828
vt 0.560237 0.320390
vt 0.577870 0.318398
vt 0.604408 0.315372
vt 0.622234 0.313313
vt 0.649088 0.310365
vt 0.671544 0.307996
vt 0.698487 0.305213
vt 0.711965 0.303802
vt 0.729955 0.301899
vt 0.734466 0.301433
vt 0.748158 0.299991
vt 0.752748 0.299545
vt 0.307860 0.357982
vt 0.312449 0.357680
vt 0.317030 0.357382
vt 0.326105 0.356722
vt 0.344063 0.355140
vt 0.361991 0.353387
vt 0.384397 0.351092
vt 0.397840 0.349674
vt 0.411292 0.348264
vt 0.433662 0.345943
vt 0.451506 0.344093
vt 0.464845 0.342719
vt 0.486936 0.340372
vt 0.530792 0.335604
vt 0.561479 0.332143
vt 0.579114 0.330134
vt 0.605661 0.327104
vt 0.623481 0.325044
vt 0.650314 0.322067
vt 0.672735 0.319666
vt 0.699683 0.316845
vt 0.713172 0.315416
vt 0.731201 0.313467
vt 0.735728 0.312972
vt 0.749371 0.311433
vt 0.753927 0.310902
vt 0.308583 0.366544
vt 0.313165 0.366243
vt 0.317775 0.365945
vt 0.326920 0.365317
vt 0.344958 0.363799
vt 0.362900 0.362089
vt 0.385320 0.359835
vt 0.398763 0.358437
vt 0.412202 0.357048
vt 0.434559 0.354752
vt 0.452390 0.352918
vt 0.465733 0.351544
vt 0.487827 0.349220
vt 0.531710 0.344431
vt 0.562417 0.340960
vt 0.580048 0.338942
vt 0.606607 0.335896
vt 0.624414 0.333837
vt 0.651233 0.330835
vt 0.673638 0.328393
vt 0.700594 0.325514
vt 0.714094 0.324059
vt 0.732139 0.322089
vt 0.736674 0.321575
vt 0.750342 0.319938
vt 0.754896 0.319394
vt 0.309282 0.375079
vt 0.313865 0.374792
vt 0.318481 0.374471
vt 0.327680 0.373882
vt 0.345828 0.372427
vt 0.363790 0.370746
vt 0.386219 0.368543
vt 0.399667 0.367176
vt 0.413100 0.365812
vt 0.435448 0.363546
vt 0.453276 0.361726
vt 0.466617 0.360361
vt 0.488716 0.358063
vt 0.532631 0.353252
vt 0.563355 0.349773
vt 0.580986 0.347747
vt 0.607556 0.344681
vt 0.625352 0.342614
vt 0.652157 0.339576
vt 0.674554 0.337083
vt 0.701511 0.334138
vt 0.715013 0.332678
vt 0.733095 0.330660
vt 0.737643 0.330119
vt 0.751357 0.328421
vt 0.755907 0.327865
vt 0.310187 0.386441
vt 0.314798 0.386157
vt 0.319421 0.385834
vt 0.328654 0.385235
vt 0.346939 0.383887
vt 0.364969 0.382255
vt 0.387399 0.380103
vt 0.400848 0.378784
vt 0.414279 0.377458
vt 0.436620 0.375241
vt 0.454448 0.373448
vt 0.467784 0.372100
vt 0.489900 0.369832
vt 0.533862 0.365011
vt 0.564607 0.361514
vt 0.582247 0.359473
vt 0.608831 0.356374
vt 0.626617 0.354286
vt 0.653403 0.351184
vt 0.675789 0.348620
vt 0.702720 0.345615
vt 0.716235 0.344133
vt 0.734390 0.342004
vt 0.738954 0.341421
vt 0.752723 0.339706
vt 0.757275 0.339136
vt 0.311147 0.397780
vt 0.315748 0.397500
vt 0.320369 0.397180
vt 0.329595 0.396563
vt 0.348000 0.395293
vt 0.366126 0.393748
vt 0.388569 0.391644
vt 0.402008 0.390359
vt 0.415437 0.389069
vt 0.437777 0.386902
vt 0.455608 0.385141
vt 0.468944 0.383815
vt 0.491081 0.381573
vt 0.535095 0.376770
vt 0.565867 0.373243
vt 0.583521 0.371177
vt 0.610117 0.368039
vt 0.627901 0.365920
vt 0.654671 0.362753
vt 0.677034 0.360136
vt 0.703937 0.357078
vt 0.717482 0.355527
vt 0.735698 0.353265
vt 0.740291 0.352675
vt 0.754079 0.350970
vt 0.758628 0.350394
vt 0.312129 0.409121
vt 0.316720 0.408842
vt 0.321333 0.408522
vt 0.330561 0.407909
vt 0.349027 0.406668
vt 0.367234 0.405230
vt 0.389727 0.403202
vt 0.403163 0.401938
vt 0.416582 0.400667
vt 0.438923 0.398537
vt 0.456757 0.396812
vt 0.470096 0.395511
vt 0.492254 0.393294
vt 0.536330 0.388524
vt 0.567138 0.384961
vt 0.584807 0.382864
vt 0.611414 0.379677
vt 0.629204 0.377526
vt 0.655959 0.374310
vt 0.678290 0.371669
vt 0.705194 0.368515
vt 0.718770 0.366870
vt 0.737043 0.364521
vt 0.741642 0.363939
vt 0.755443 0.362219
vt 0.759999 0.361654
vt 0.312554 0.414785
vt 0.317178 0.414508
vt 0.321811 0.414188
vt 0.331058 0.413581
vt 0.349525 0.412364
vt 0.367767 0.410971
vt 0.390294 0.408987
vt 0.403736 0.407734
vt 0.417155 0.406470
vt 0.439492 0.404351
vt 0.457328 0.402643
vt 0.470670 0.401353
vt 0.492839 0.399150
vt 0.536948 0.394396
vt 0.567779 0.390816
vt 0.585455 0.388702
vt 0.612067 0.385488
vt 0.629860 0.383323
vt 0.656605 0.380094
vt 0.678930 0.377442
vt 0.705846 0.374224
vt 0.719434 0.372527
vt 0.737762 0.370151
vt 0.742361 0.369569
vt 0.756131 0.367847
vt 0.760680 0.367259
vt 0.314036 0.431778
vt 0.318645 0.431503
vt 0.323271 0.431192
vt 0.332519 0.430605
vt 0.350968 0.429427
vt 0.369275 0.428190
vt 0.391924 0.426343
vt 0.405417 0.425134
vt 0.418865 0.423894
vt 0.441211 0.421808
vt 0.459040 0.420137
vt 0.472388 0.418876
vt 0.494589 0.416710
vt 0.538805 0.411994
vt 0.569712 0.408366
vt 0.587413 0.406206
vt 0.614036 0.402917
vt 0.631823 0.400720
vt 0.658566 0.397459
vt 0.680927 0.394759
vt 0.707922 0.391347
vt 0.721542 0.389507
vt 0.739842 0.387058
vt 0.744432 0.386454
vt 0.758204 0.384689
vt 0.762741 0.384103
vt 0.315212 0.445957
vt 0.319823 0.445698
vt 0.324452 0.445392
vt 0.333685 0.444815
vt 0.352109 0.443720
vt 0.370457 0.442533
vt 0.393217 0.440771
vt 0.406773 0.439608
vt 0.420265 0.438408
vt 0.442647 0.436376
vt 0.460485 0.434738
vt 0.473837 0.433492
vt 0.496054 0.431344
vt 0.540361 0.426641
vt 0.571331 0.422984
vt 0.589051 0.420797
vt 0.615672 0.417464
vt 0.633457 0.415234
vt 0.660223 0.411912
vt 0.682661 0.409135
vt 0.709790 0.405608
vt 0.723432 0.403725
vt 0.741708 0.401177
vt 0.746293 0.400555
vt 0.760061 0.398739
vt 0.764599 0.398139
vt 0.316790 0.466122
vt 0.321393 0.465869
vt 0.326004 0.465570
vt 0.335227 0.464999
vt 0.353687 0.463839
vt 0.372115 0.462590
vt 0.395012 0.460887
vt 0.408644 0.459804
vt 0.422196 0.458689
vt 0.444644 0.456778
vt 0.462518 0.455202
vt 0.475892 0.453984
vt 0.498145 0.451856
vt 0.542555 0.447150
vt 0.573598 0.443473
vt 0.591338 0.441265
vt 0.617974 0.437865
vt 0.635768 0.435564
vt 0.662572 0.432079
vt 0.685091 0.429127
vt 0.712392 0.425475
vt 0.726125 0.423607
vt 0.744459 0.421122
vt 0.749045 0.420508
vt 0.762834 0.418705
vt 0.767368 0.418075
vt 0.317457 0.474842
vt 0.322072 0.474637
vt 0.326685 0.474328
vt 0.335901 0.473717
vt 0.354403 0.472448
vt 0.372865 0.471162
vt 0.395794 0.469489
vt 0.409445 0.468444
vt 0.423017 0.467371
vt 0.445493 0.465520
vt 0.463386 0.463976
vt 0.476774 0.462773
vt 0.499050 0.460657
vt 0.543503 0.455951
vt 0.574572 0.452269
vt 0.592323 0.450050
vt 0.618973 0.446615
vt 0.636775 0.444276
vt 0.663593 0.440708
vt 0.686124 0.437674
vt 0.713448 0.433962
vt 0.727206 0.432104
vt 0.745601 0.429662
vt 0.750195 0.429060
vt 0.764018 0.427291
vt 0.768590 0.426663
vt 0.318379 0.486412
vt 0.323051 0.486125
vt 0.327703 0.485783
vt 0.336951 0.485144
vt 0.355443 0.483866
vt 0.373906 0.482579
vt 0.396851 0.480951
vt 0.410517 0.479959
vt 0.424106 0.478944
vt 0.446615 0.477177
vt 0.464537 0.475679
vt 0.477948 0.474497
vt 0.500258 0.472402
vt 0.544772 0.467701
vt 0.575879 0.464009
vt 0.593650 0.461774
vt 0.620323 0.458287
vt 0.638138 0.455892
vt 0.664968 0.452209
vt 0.687501 0.449072
vt 0.714805 0.445295
vt 0.728542 0.443432
vt 0.746910 0.440993
vt 0.751502 0.440398
vt 0.765285 0.438662
vt 0.769842 0.438103
vt 0.319982 0.500812
vt 0.324593 0.500504
vt 0.329207 0.500160
vt 0.338437 0.499493
vt 0.356880 0.498154
vt 0.375279 0.496842
vt 0.398192 0.495277
vt 0.411858 0.494355
vt 0.425459 0.493415
vt 0.448005 0.491755
vt 0.465967 0.490317
vt 0.479410 0.489166
vt 0.501772 0.487101
vt 0.546369 0.482405
vt 0.577525 0.478703
vt 0.595326 0.476446
vt 0.622040 0.472885
vt 0.639874 0.470416
vt 0.666712 0.466591
vt 0.689221 0.463333
vt 0.716467 0.459504
vt 0.730165 0.457682
vt 0.748465 0.455346
vt 0.753043 0.454771
vt 0.766775 0.453038
vt 0.771331 0.452417
vt 0.322209 0.523523
vt 0.326816 0.523224
vt 0.331442 0.522888
vt 0.340687 0.522257
vt 0.359172 0.520977
vt 0.377554 0.519703
vt 0.400364 0.518276
vt 0.413991 0.517463
vt 0.427588 0.516628
vt 0.450196 0.515110
vt 0.468244 0.513758
vt 0.481758 0.512658
vt 0.504235 0.510653
vt 0.548954 0.505999
vt 0.580167 0.502262
vt 0.598020 0.499949
vt 0.624838 0.496257
vt 0.642727 0.493672
vt 0.669585 0.489649
vt 0.692016 0.486221
vt 0.719110 0.482232
vt 0.732775 0.480358
vt 0.751088 0.477890
vt 0.755680 0.477269
vt 0.769461 0.475443
vt 0.774002 0.474831
vt 0.323004 0.531932
vt 0.327612 0.531643
vt 0.332238 0.531324
vt 0.341486 0.530714
vt 0.359990 0.529503
vt 0.378370 0.528299
vt 0.401152 0.526951
vt 0.414767 0.526168
vt 0.428367 0.525356
vt 0.451010 0.523874
vt 0.469100 0.522549
vt 0.482649 0.521471
vt 0.505171 0.519500
vt 0.549934 0.514881
vt 0.581169 0.511121
vt 0.599040 0.508774
vt 0.625898 0.505019
vt 0.643819 0.502391
vt 0.670703 0.498309
vt 0.693119 0.494830
vt 0.720156 0.490736
vt 0.733811 0.488791
vt 0.752174 0.486229
vt 0.756767 0.485600
vt 0.770546 0.483739
vt 0.775085 0.483111
vt 0.323716 0.540325
vt 0.328351 0.540047
vt 0.332983 0.539741
vt 0.342239 0.539152
vt 0.360770 0.537984
vt 0.379137 0.536895
vt 0.401900 0.535641
vt 0.415516 0.534885
vt 0.429131 0.534089
vt 0.451821 0.532636
vt 0.469960 0.531340
vt 0.483542 0.530287
vt 0.506107 0.528364
vt 0.550922 0.523787
vt 0.582182 0.519998
vt 0.600074 0.517610
vt 0.626967 0.513779
vt 0.644922 0.511104
vt 0.671848 0.506964
vt 0.694269 0.503434
vt 0.721262 0.499223
vt 0.734897 0.497191
vt 0.753265 0.494560
vt 0.757860 0.493918
vt 0.771622 0.492021
vt 0.776153 0.491384
vt 0.324269 0.545905
vt 0.328864 0.545645
vt 0.333480 0.545344
vt 0.342720 0.544769
vt 0.361251 0.543644
vt 0.379613 0.542624
vt 0.402374 0.541435
vt 0.415999 0.540695
vt 0.429631 0.539909
vt 0.452361 0.538475
vt 0.470530 0.537201
vt 0.484134 0.536171
vt 0.506731 0.534284
vt 0.551585 0.529738
vt 0.582866 0.525926
vt 0.600773 0.523507
vt 0.627692 0.519620
vt 0.645665 0.516908
vt 0.672626 0.512726
vt 0.695063 0.509161
vt 0.722034 0.504868
vt 0.735643 0.502776
vt 0.753996 0.500102
vt 0.758594 0.499452
vt 0.772383 0.497531
vt 0.776925 0.496890
vt 0.325200 0.557067
vt 0.329795 0.556816
vt 0.334412 0.556527
vt 0.343666 0.555987
vt 0.362152 0.554941
vt 0.380483 0.554077
vt 0.403263 0.553012
vt 0.416929 0.552302
vt 0.430611 0.551538
vt 0.453426 0.550157
vt 0.471655 0.548941
vt 0.485303 0.547960
vt 0.507970 0.546152
vt 0.552924 0.541676
vt 0.584260 0.537810
vt 0.602203 0.535319
vt 0.629176 0.531310
vt 0.647186 0.528514
vt 0.674214 0.524226
vt 0.696710 0.520582
vt 0.723660 0.516134
vt 0.737218 0.513925
vt 0.755498 0.511170
vt 0.760093 0.510500
vt 0.773873 0.508530
vt 0.778409 0.507876
vt 0.325596 0.562637
vt 0.330217 0.562388
vt 0.334853 0.562107
vt 0.344109 0.561589
vt 0.362564 0.560598
vt 0.380879 0.559807
vt 0.403683 0.558792
vt 0.417378 0.558096
vt 0.431086 0.557348
vt 0.453946 0.556005
vt 0.472207 0.554822
vt 0.485879 0.553867
vt 0.508583 0.552103
vt 0.553601 0.547663
vt 0.584973 0.543764
vt 0.602938 0.541236
vt 0.629941 0.537160
vt 0.647969 0.534320
vt 0.675027 0.529964
vt 0.697557 0.526276
vt 0.724510 0.521759
vt 0.738040 0.519502
vt 0.756284 0.516690
vt 0.760871 0.516014
vt 0.774646 0.514020
vt 0.779197 0.513347
vt 0.326647 0.576521
vt 0.331267 0.576294
vt 0.335889 0.576049
vt 0.345111 0.575558
vt 0.363483 0.574781
vt 0.381774 0.574140
vt 0.404676 0.573214
vt 0.418443 0.572575
vt 0.432219 0.571886
vt 0.455198 0.570657
vt 0.473547 0.569573
vt 0.487280 0.568684
vt 0.510096 0.567036
vt 0.555318 0.562682
vt 0.586813 0.558684
vt 0.604845 0.556063
vt 0.631934 0.551808
vt 0.650009 0.548858
vt 0.677143 0.544306
vt 0.699728 0.540489
vt 0.726729 0.535826
vt 0.740196 0.533465
vt 0.758275 0.530463
vt 0.762838 0.529770
vt 0.776564 0.527712
vt 0.781114 0.527021
vt 0.327232 0.584832
vt 0.331824 0.584630
vt 0.336436 0.584407
vt 0.345639 0.583970
vt 0.363959 0.583325
vt 0.382270 0.582734
vt 0.405229 0.581871
vt 0.419038 0.581275
vt 0.432856 0.580628
vt 0.455905 0.579474
vt 0.474319 0.578460
vt 0.488090 0.577611
vt 0.510984 0.576036
vt 0.556366 0.571731
vt 0.587961 0.567659
vt 0.606042 0.564983
vt 0.633193 0.560617
vt 0.651298 0.557598
vt 0.678477 0.552925
vt 0.701081 0.549028
vt 0.728106 0.544272
vt 0.741566 0.541866
vt 0.759552 0.538748
vt 0.764083 0.538013
vt 0.777758 0.535918
vt 0.782302 0.535207
vt 0.327732 0.593127
vt 0.332317 0.592963
vt 0.336918 0.592751
vt 0.346092 0.592420
vt 0.364395 0.591887
vt 0.382736 0.591341
vt 0.405746 0.590551
vt 0.419599 0.589994
vt 0.433456 0.589391
vt 0.456572 0.588308
vt 0.475059 0.587373
vt 0.488874 0.586569
vt 0.511854 0.585064
vt 0.557432 0.580811
vt 0.589146 0.576652
vt 0.607284 0.573919
vt 0.634505 0.569444
vt 0.652640 0.566349
vt 0.679863 0.561565
vt 0.702484 0.557591
vt 0.729525 0.552734
vt 0.742987 0.550275
vt 0.760908 0.547056
vt 0.765407 0.546288
vt 0.779008 0.544114
vt 0.783534 0.543383
vt 0.328246 0.604160
vt 0.332826 0.604052
vt 0.337420 0.603937
vt 0.346586 0.603751
vt 0.364911 0.603326
vt 0.383298 0.602872
vt 0.406381 0.602172
vt 0.420293 0.601655
vt 0.434195 0.601100
vt 0.457397 0.600106
vt 0.475988 0.599274
vt 0.489870 0.598556
vt 0.512974 0.597135
vt 0.558885 0.592971
vt 0.590795 0.588680
vt 0.609022 0.585840
vt 0.636335 0.581230
vt 0.654517 0.578012
vt 0.681789 0.573115
vt 0.704441 0.569042
vt 0.731502 0.564068
vt 0.744975 0.561524
vt 0.762867 0.558156
vt 0.767332 0.557339
vt 0.780831 0.555015
vt 0.785342 0.554254
vt 0.328564 0.617828
vt 0.333276 0.617987
vt 0.337880 0.618047
vt 0.347040 0.618039
vt 0.365431 0.617725
vt 0.383909 0.617363
vt 0.407119 0.616731
vt 0.421085 0.616293
vt 0.435039 0.615748
vt 0.458321 0.614891
vt 0.476976 0.614154
vt 0.490982 0.613635
vt 0.514281 0.612262
vt 0.560774 0.608324
vt 0.593027 0.603835
vt 0.611364 0.600752
vt 0.638810 0.596014
vt 0.657019 0.592552
vt 0.684316 0.587563
vt 0.706996 0.583396
vt 0.734128 0.578314
vt 0.747634 0.575691
vt 0.765596 0.572170
vt 0.770090 0.571302
vt 0.783456 0.568503
vt 0.788078 0.567760
vt 0.328784 0.620551
vt 0.333379 0.620800
vt 0.337935 0.620836
vt 0.347108 0.620836
vt 0.365514 0.620539
vt 0.384018 0.620185
vt 0.407264 0.619556
vt 0.421228 0.619129
vt 0.435197 0.618585
vt 0.458485 0.617746
vt 0.477129 0.617018
vt 0.491167 0.616540
vt 0.514511 0.615170
vt 0.561140 0.611282
vt 0.593481 0.606755
vt 0.611840 0.603623
vt 0.639316 0.598866
vt 0.657522 0.595357
vt 0.684819 0.590360
vt 0.707501 0.586183
vt 0.734659 0.581089
vt 0.748174 0.578457
vt 0.766138 0.574919
vt 0.770648 0.574045
vt 0.784136 0.571201
vt 0.788734 0.570436
vt 0.999965 0.000000
vt 0.997202 0.000058
vt 0.991745 0.000253
vt 0.980916 0.000504
vt 0.972812 0.000681
vt 0.964710 0.000840
vt 0.953905 0.001065
vt 0.943094 0.001290
vt 0.932275 0.001487
vt 0.926865 0.001685
vt 0.910643 0.002232
vt 0.897061 0.002711
vt 0.877758 0.003261
vt 0.869460 0.003367
vt 0.858466 0.003813
vt 0.844559 0.004203
vt 0.822754 0.004750
vt 0.814644 0.004921
vt 0.806529 0.005149
vt 0.801123 0.005153
vt 0.790305 0.005323
vt 0.784891 0.005340
vt 0.771376 0.005532
vt 0.763270 0.005650
vt 0.755170 0.005770
vt 0.744358 0.005901
vt 0.730764 0.006120
vt 0.997244 0.001022
vt 0.991770 0.001284
vt 0.980942 0.001565
vt 0.972839 0.001796
vt 0.964739 0.002019
vt 0.953935 0.002285
vt 0.943121 0.002464
vt 0.932305 0.002759
vt 0.926896 0.002864
vt 0.910673 0.003351
vt 0.897092 0.003911
vt 0.877792 0.004572
vt 0.869503 0.004990
vt 0.858489 0.005159
vt 0.844584 0.005385
vt 0.822783 0.005976
vt 0.814666 0.006215
vt 0.806549 0.006286
vt 0.801141 0.006464
vt 0.790321 0.006495
vt 0.784908 0.006636
vt 0.771392 0.006772
vt 0.763283 0.006820
vt 0.755182 0.006871
vt 0.744377 0.006963
vt 0.730784 0.007084
vt 1.000000 0.000933
vt 0.000000 0.099188
vt 0.002718 0.098747
vt 0.008110 0.097818
vt 0.018824 0.096211
vt 0.026842 0.095002
vt 0.034859 0.093790
vt 0.045536 0.092117
vt 0.056219 0.090483
vt 0.066918 0.088854
vt 0.072250 0.087927
vt 0.088294 0.085494
vt 0.101665 0.083353
vt 0.120703 0.080446
vt 0.128947 0.079096
vt 0.139776 0.077241
vt 0.153430 0.075280
vt 0.175012 0.071880
vt 0.183029 0.070625
vt 0.191022 0.069208
vt 0.196372 0.068385
vt 0.207046 0.066621
vt 0.212365 0.065648
vt 0.225698 0.063441
vt 0.233701 0.062159
vt 0.241700 0.060852
vt 0.252375 0.059098
vt 0.265785 0.056879
vt 0.002883 0.099706
vt 0.008271 0.098850
vt 0.018982 0.097275
vt 0.027005 0.096099
vt 0.035027 0.094924
vt 0.045722 0.093358
vt 0.056405 0.091692
vt 0.067091 0.089996
vt 0.072452 0.089257
vt 0.088481 0.086714
vt 0.101853 0.084609
vt 0.120885 0.081663
vt 0.129141 0.080373
vt 0.140020 0.078802
vt 0.153609 0.076448
vt 0.175199 0.073129
vt 0.183208 0.071788
vt 0.191227 0.070510
vt 0.196555 0.069537
vt 0.207228 0.067750
vt 0.212577 0.066956
vt 0.225899 0.064680
vt 0.233885 0.063283
vt 0.241874 0.061931
vt 0.252539 0.060153
vt 0.265953 0.057825
vt 0.000148 0.100110
vn -0.040171 0.017798 0.999034
vn 0.084249 0.001324 0.996444
vn 0.084791 0.001252 0.996398
vn -0.040171 0.017798 0.999034
vn 0.263572 -0.022979 0.964366
vn 0.263948 -0.023031 0.964262
vn 0.332755 -0.016092 0.942876
vn 0.332670 -0.016115 0.942906
vn 0.313520 -0.007603 0.949551
vn 0.313547 -0.007606 0.949542
vn 0.236626 0.004359 0.971591
vn 0.236518 0.004382 0.971617
vn 0.136266 0.009900 0.990623
vn 0.136163 0.009898 0.990637
vn 0.099356 0.004244 0.995043
vn 0.099304 0.004247 0.995048
vn 0.073513 0.001583 0.997293
vn 0.073502 0.001584 0.997294
vn 0.054459 0.004288 0.998507
vn 0.054502 0.004290 0.998505
vn -0.031350 0.006391 0.999488
vn -0.031568 0.006390 0.999481
vn -0.027319 0.006135 0.999608
vn -0.027863 0.006134 0.999593
vn -0.024892 0.005627 0.999674
vn -0.024510 0.005630 0.999684
vn -0.028629 0.004014 0.999582
vn -0.029129 0.004032 0.999568
vn 0.055892 0.003491 0.998431
vn 0.055251 0.003469 0.998467
vn 0.027282 0.007184 0.999602
vn 0.028309 0.007169 0.999574
vn 0.033988 0.007739 0.999392
vn 0.032683 0.007747 0.999436
vn 0.011763 0.005905 0.999913
vn 0.012152 0.005908 0.999909
vn -0.088938 0.007741 0.996007
vn -0.088931 0.007744 0.996008
vn -0.147776 0.013414 0.988930
vn -0.148139 0.013427 0.988876
vn -0.226527 0.016159 0.973871
vn -0.226772 0.016168 0.973814
vn -0.285060 0.015885 0.958378
vn -0.285195 0.015868 0.958338
vn -0.326079 0.014486 0.945231
vn -0.326842 0.014488 0.944968
vn -0.308633 0.007216 0.951154
vn -0.307505 0.007156 0.951519
vn -0.194569 0.000142 0.980889
vn -0.192867 0.000024 0.981225
vn 0.034382 -0.015361 0.999291
vn 0.034382 -0.015361 0.999291
vn -0.260481 0.891341 0.371027
vn -0.116987 0.746522 0.654995
vn -0.644656 0.758629 0.094343
vn -0.702286 0.703697 -0.107725
vn 0.172764 0.362289 0.915915
vn -0.310875 0.728854 0.610023
vn 0.308729 0.141274 0.940600
vn 0.066130 0.469458 0.880475
vn 0.307528 0.038118 0.950775
vn 0.212249 0.253694 0.943711
vn 0.236797 -0.008557 0.971521
vn 0.216330 0.121425 0.968740
vn 0.140989 -0.000393 0.990011
vn 0.145835 0.104160 0.983810
vn 0.098395 0.023279 0.994875
vn 0.100893 0.116530 0.988049
vn 0.075417 0.030491 0.996686
vn 0.077955 0.124861 0.989107
vn 0.053822 0.035419 0.997922
vn 0.051989 0.126552 0.990597
vn -0.026128 0.037197 0.998966
vn -0.025414 0.125498 0.991768
vn -0.031518 0.038395 0.998765
vn -0.030951 0.127526 0.991352
vn -0.023192 0.034052 0.999151
vn -0.026357 0.119312 0.992507
vn -0.028220 0.046404 0.998524
vn -0.021100 0.128529 0.991481
vn 0.056446 0.059877 0.996608
vn 0.052038 0.142658 0.988403
vn 0.025583 0.048763 0.998483
vn 0.027510 0.136077 0.990316
vn 0.036237 0.042509 0.998439
vn 0.029910 0.129815 0.991087
vn 0.002514 0.003261 0.999992
vn -0.008628 0.096774 0.995269
vn -0.088340 -0.012565 0.996011
vn -0.085605 0.085853 0.992623
vn -0.148545 -0.006451 0.988885
vn -0.143266 0.098331 0.984787
vn -0.224453 0.007843 0.974453
vn -0.203712 0.123122 0.971258
vn -0.282894 0.045976 0.958049
vn -0.220149 0.228246 0.948387
vn -0.319048 0.069048 0.945220
vn -0.191715 0.314027 0.929856
vn -0.235782 0.356003 0.904250
vn 0.186644 0.691892 0.697459
vn -0.068526 0.567248 0.820691
vn 0.446019 0.788507 0.423467
vn 0.283518 0.870671 0.401933
vn 0.714293 0.691023 -0.110784
vn -0.835511 0.508645 -0.207850
vn -0.851178 0.407175 -0.331218
vn -0.649708 0.728312 0.217809
vn -0.217648 0.690858 0.689452
vn 0.060858 0.485644 0.872035
vn 0.171653 0.286930 0.942447
vn 0.138386 0.235375 0.962002
vn 0.098720 0.227409 0.968782
vn 0.076930 0.228156 0.970581
vn 0.047356 0.224384 0.973350
vn -0.022861 0.221865 0.974809
vn -0.031099 0.227173 0.973358
vn -0.029906 0.218778 0.975316
vn -0.015161 0.225026 0.974235
vn 0.049029 0.236610 0.970367
vn 0.029618 0.232550 0.972133
vn 0.025551 0.228259 0.973265
vn -0.016421 0.205590 0.978500
vn -0.080255 0.201504 0.976194
vn -0.130977 0.225604 0.965374
vn -0.168059 0.268011 0.948644
vn -0.101548 0.444215 0.890147
vn 0.004077 0.564012 0.825756
vn 0.583475 0.748994 0.313950
vn 0.733190 0.676696 0.067198
vn 0.851393 0.412729 -0.323705
vn -0.903948 0.196926 -0.379602
vn -0.906042 0.106009 -0.409694
vn -0.854489 0.473374 -0.213930
vn -0.603453 0.767228 0.217266
vn -0.233027 0.760791 0.605719
vn 0.057167 0.556801 0.828676
vn 0.102320 0.455287 0.884446
vn 0.084855 0.409714 0.908259
vn 0.068119 0.393829 0.916656
vn 0.036112 0.381452 0.923683
vn -0.016883 0.377198 0.925979
vn -0.030494 0.386676 0.921712
vn -0.034809 0.382564 0.923273
vn -0.007368 0.385653 0.922615
vn 0.044673 0.390808 0.919387
vn 0.032597 0.387100 0.921461
vn 0.020767 0.385437 0.922501
vn -0.022533 0.378759 0.925221
vn -0.066120 0.387363 0.919553
vn -0.095847 0.437859 0.893920
vn -0.079359 0.515645 0.853119
vn 0.160089 0.735564 0.658268
vn 0.373118 0.810438 0.451635
vn 0.820203 0.559780 -0.117953
vn 0.881957 0.400442 -0.248594
vn 0.907744 0.143498 -0.394220
vn -0.937268 0.140214 -0.319168
vn -0.944109 0.079744 -0.319843
vn -0.902111 0.334411 -0.272700
vn -0.766106 0.642066 -0.028865
vn -0.473961 0.820030 0.320799
vn -0.097027 0.753024 0.650800
vn 0.029664 0.642864 0.765406
vn 0.054133 0.567002 0.821936
vn 0.047897 0.535217 0.843356
vn 0.021433 0.517035 0.855696
vn -0.011205 0.510263 0.859946
vn -0.029021 0.517852 0.854978
vn -0.035955 0.522000 0.852187
vn -0.003926 0.525202 0.850969
vn 0.040618 0.523880 0.850823
vn 0.033885 0.516407 0.855673
vn 0.019813 0.514836 0.857060
vn -0.017686 0.518432 0.854936
vn -0.044201 0.539338 0.840929
vn -0.036486 0.619665 0.784018
vn 0.047178 0.718544 0.693879
vn 0.406494 0.832448 0.376554
vn 0.616485 0.774783 0.140204
vn 0.881596 0.411468 -0.231263
vn 0.914160 0.290433 -0.282772
vn 0.935440 0.116353 -0.333787
vn -0.951996 0.143795 -0.270233
vn -0.956868 0.102671 -0.271775
vn -0.926291 0.285162 -0.246307
vn -0.836037 0.535626 -0.118942
vn -0.631947 0.767207 0.109710
vn -0.275771 0.861407 0.426532
vn -0.091169 0.805170 0.585995
vn -0.008087 0.727441 0.686123
vn 0.008593 0.684238 0.729208
vn -0.000699 0.660971 0.750411
vn -0.012999 0.648096 0.761447
vn -0.027290 0.649434 0.759928
vn -0.031678 0.658686 0.751751
vn -0.002996 0.662603 0.748965
vn 0.034328 0.658702 0.751621
vn 0.032739 0.649420 0.759725
vn 0.021276 0.647966 0.761372
vn -0.000735 0.659845 0.751401
vn -0.003877 0.691398 0.722464
vn 0.063149 0.780830 0.621544
vn 0.210640 0.850762 0.481492
vn 0.582430 0.798913 0.150044
vn 0.738704 0.673769 -0.018783
vn 0.912784 0.339134 -0.227628
vn 0.935954 0.239422 -0.258200
vn 0.950809 0.096294 -0.294430
vn -0.932756 0.135685 -0.334000
vn -0.934531 0.102258 -0.340875
vn -0.921435 0.256158 -0.292132
vn -0.858636 0.483254 -0.170911
vn -0.691218 0.722363 0.020224
vn -0.364726 0.880385 0.303144
vn -0.167675 0.868140 0.467138
vn -0.054433 0.807632 0.587169
vn -0.020707 0.763949 0.644944
vn -0.016957 0.739133 0.673346
vn -0.017950 0.723076 0.690535
vn -0.026496 0.721025 0.692403
vn -0.027953 0.730071 0.682799
vn -0.002944 0.733940 0.679208
vn 0.030240 0.730061 0.682713
vn 0.031534 0.721729 0.691458
vn 0.023084 0.720991 0.692560
vn 0.013432 0.736409 0.676404
vn 0.026030 0.770373 0.637062
vn 0.127863 0.848395 0.513690
vn 0.299046 0.884632 0.357767
vn 0.650567 0.757800 0.050021
vn 0.781637 0.617385 -0.088765
vn 0.914763 0.304768 -0.265190
vn 0.932217 0.212441 -0.292984
vn 0.942837 0.079754 -0.323570
vn -0.947844 0.106534 -0.300403
vn -0.948247 0.084365 -0.306122
vn -0.942068 0.194172 -0.273507
vn -0.899392 0.395522 -0.186161
vn -0.766665 0.639472 -0.057445
vn -0.485742 0.862893 0.139538
vn -0.290438 0.915965 0.276866
vn -0.144621 0.903051 0.404454
vn -0.080503 0.872488 0.481959
vn -0.052748 0.850116 0.523948
vn -0.034051 0.832296 0.553285
vn -0.027843 0.826429 0.562352
vn -0.022378 0.830237 0.556962
vn -0.003008 0.832181 0.554497
vn 0.024403 0.830121 0.557048
vn 0.030689 0.826220 0.562511
vn 0.029834 0.828130 0.559742
vn 0.045167 0.845971 0.531313
vn 0.086707 0.875435 0.475494
vn 0.238887 0.912782 0.331304
vn 0.427169 0.885791 0.181384
vn 0.733174 0.678510 -0.045603
vn 0.836261 0.532321 -0.131539
vn 0.939060 0.268454 -0.214709
vn 0.956637 0.195434 -0.215989
vn 0.974054 0.078949 -0.212099
vn -0.992600 0.102393 -0.065274
vn -0.994542 0.079839 -0.067179
vn -0.979237 0.188891 -0.073581
vn -0.921408 0.380478 -0.079021
vn -0.784832 0.618557 -0.037778
vn -0.518327 0.850022 0.093812
vn -0.331928 0.918975 0.212861
vn -0.182493 0.925243 0.332597
vn -0.107832 0.904408 0.412817
vn -0.070735 0.885879 0.458493
vn -0.043390 0.869565 0.491909
vn -0.029975 0.862826 0.504612
vn -0.021154 0.864105 0.502866
vn -0.003012 0.865167 0.501474
vn 0.022772 0.863763 0.503384
vn 0.031351 0.861828 0.506230
vn 0.034420 0.864780 0.500970
vn 0.060961 0.881970 0.467347
vn 0.114146 0.906033 0.407524
vn 0.279015 0.922847 0.265528
vn 0.465385 0.875838 0.127773
vn 0.753077 0.656231 -0.047293
vn 0.853461 0.511920 -0.097681
vn 0.952421 0.256901 -0.164003
vn 0.965211 0.187671 -0.182066
vn 0.975021 0.077310 -0.208223
vn -0.993654 0.095218 -0.059872
vn -0.996338 0.059982 -0.060926
vn -0.977207 0.203331 -0.061021
vn -0.918825 0.387844 -0.073057
vn -0.797690 0.600610 -0.054394
vn -0.564984 0.824395 0.034160
vn -0.392408 0.911182 0.125550
vn -0.241564 0.943476 0.226938
vn -0.153015 0.940178 0.304389
vn -0.102125 0.930369 0.352114
vn -0.060890 0.919025 0.389469
vn -0.036051 0.912342 0.407838
vn -0.020838 0.910679 0.412589
vn -0.003026 0.910524 0.413446
vn 0.021171 0.909858 0.414379
vn 0.034256 0.910377 0.412359
vn 0.044344 0.914272 0.402667
vn 0.088843 0.927906 0.362074
vn 0.159596 0.940445 0.300153
vn 0.340673 0.924323 0.171958
vn 0.520598 0.851537 0.062143
vn 0.771284 0.634676 -0.048049
vn 0.862405 0.501948 -0.065621
vn 0.969514 0.223235 -0.101040
vn 0.979964 0.157186 -0.122324
vn 0.986937 0.063326 -0.148139
vn -0.991542 0.090560 -0.092965
vn -0.994293 0.049693 -0.094406
vn -0.973608 0.208527 -0.092757
vn -0.916020 0.391807 -0.085996
vn -0.802944 0.592853 -0.061699
vn -0.586858 0.809630 0.009850
vn -0.423631 0.901979 0.083494
vn -0.275565 0.945854 0.171535
vn -0.180877 0.953148 0.242472
vn -0.122878 0.949854 0.287539
vn -0.073754 0.943093 0.324247
vn -0.042257 0.937671 0.344946
vn -0.022161 0.935254 0.353284
vn -0.003148 0.934633 0.355599
vn 0.021142 0.934201 0.356121
vn 0.037814 0.935589 0.351060
vn 0.052833 0.939295 0.339018
vn 0.107875 0.948831 0.296786
vn 0.187513 0.952990 0.238009
vn 0.372908 0.919369 0.125303
vn 0.546965 0.836409 0.035342
vn 0.777809 0.625823 -0.057947
vn 0.860248 0.504068 -0.076741
vn 0.972328 0.227535 -0.052974
vn 0.986849 0.156864 -0.039031
vn 0.997890 0.060859 -0.022613
vn -0.994556 0.103580 -0.011379
vn -0.997975 0.063072 -0.008244
vn -0.974324 0.224206 -0.020601
vn -0.911663 0.408924 -0.040634
vn -0.803653 0.592772 -0.052567
vn -0.616530 0.786889 -0.026375
vn -0.474078 0.880192 0.022615
vn -0.331464 0.939206 0.089572
vn -0.225977 0.963526 0.143360
vn -0.157003 0.971615 0.176960
vn -0.097072 0.973912 0.205116
vn -0.056356 0.972940 0.224078
vn -0.027191 0.971486 0.235533
vn -0.003916 0.970819 0.239784
vn 0.023195 0.970507 0.239954
vn 0.047094 0.971672 0.231594
vn 0.070434 0.973179 0.219000
vn 0.141508 0.972982 0.182435
vn 0.234577 0.962635 0.135306
vn 0.422348 0.904935 0.052100
vn 0.580975 0.813907 -0.004841
vn 0.788060 0.613500 -0.050788
vn 0.861654 0.504102 -0.058596
vn 0.964412 0.259481 -0.050784
vn 0.982321 0.182121 -0.043337
vn 0.997158 0.067985 -0.032461
vn -0.992320 0.118457 0.035614
vn -0.996271 0.077282 0.038353
vn -0.969262 0.245157 0.020721
vn -0.899903 0.435839 -0.014778
vn -0.796001 0.603702 -0.043891
vn -0.631318 0.774638 -0.037055
vn -0.502076 0.864823 -0.000570
vn -0.361430 0.931010 0.050870
vn -0.248804 0.964401 0.089598
vn -0.173974 0.978301 0.112516
vn -0.109425 0.985254 0.131533
vn -0.064926 0.987222 0.145526
vn -0.031024 0.987329 0.155622
vn -0.004619 0.987141 0.159784
vn 0.025277 0.986797 0.159979
vn 0.053199 0.986908 0.152256
vn 0.080699 0.986522 0.142347
vn 0.159888 0.980444 0.114743
vn 0.259915 0.962369 0.079310
vn 0.448222 0.893766 0.016736
vn 0.596393 0.802356 -0.023254
vn 0.786250 0.616890 -0.035464
vn 0.857362 0.514171 -0.023637
vn 0.961566 0.274563 0.002464
vn 0.980522 0.196210 0.008849
vn 0.996872 0.077123 0.017260
vn -0.989561 0.143147 0.016703
vn -0.994561 0.101562 0.023088
vn -0.961266 0.275505 0.008009
vn -0.882690 0.469921 -0.005693
vn -0.785076 0.619226 -0.014649
vn -0.647143 0.762266 -0.012528
vn -0.531710 0.846925 -0.001596
vn -0.391700 0.919987 0.013947
vn -0.270354 0.962465 0.023892
vn -0.189201 0.981531 0.028294
vn -0.120858 0.992166 0.031622
vn -0.073691 0.996652 0.035409
vn -0.035500 0.998571 0.039959
vn -0.005589 0.999084 0.042417
vn 0.027992 0.998687 0.042905
vn 0.059754 0.997430 0.039533
vn 0.091108 0.995188 0.036055
vn 0.178721 0.983547 0.026351
vn 0.286431 0.958007 0.013407
vn 0.476594 0.879047 -0.011608
vn 0.612310 0.790089 -0.028900
vn 0.772104 0.635252 -0.017604
vn 0.836250 0.548288 0.008135
vn 0.951425 0.300559 0.066752
vn 0.973365 0.215920 0.077061
vn 0.992399 0.086452 0.087586
vn -0.985979 0.151809 -0.069277
vn -0.991026 0.113241 -0.071023
vn -0.958922 0.276990 -0.061196
vn -0.885453 0.464108 -0.024007
vn -0.788798 0.614494 0.013960
vn -0.647978 0.761109 0.028940
vn -0.533081 0.845886 0.017395
vn -0.393480 0.919333 0.000147
vn -0.270173 0.962717 -0.013530
vn -0.188375 0.981825 -0.023137
vn -0.120989 0.992169 -0.031010
vn -0.074724 0.996600 -0.034711
vn -0.036533 0.998702 -0.035495
vn -0.006021 0.999370 -0.034974
vn 0.028651 0.999016 -0.033845
vn 0.060789 0.997624 -0.032418
vn 0.092487 0.995237 -0.030802
vn 0.181341 0.983072 -0.026167
vn 0.290197 0.956762 -0.019826
vn 0.481533 0.876394 -0.007769
vn 0.615335 0.788265 0.000928
vn 0.762821 0.646585 0.005670
vn 0.822244 0.569122 0.004002
vn 0.948846 0.315719 -0.003519
vn 0.974664 0.223584 -0.006357
vn 0.996352 0.084830 -0.009293
vn -0.989664 0.143385 -0.002241
vn -0.994734 0.102424 -0.003750
vn -0.964007 0.265875 0.000980
vn -0.899147 0.437468 0.012472
vn -0.801806 0.596975 0.026988
vn -0.641038 0.767050 0.026553
vn -0.512809 0.858490 0.004637
vn -0.368809 0.928834 -0.035315
vn -0.247738 0.965982 -0.074187
vn -0.171086 0.980141 -0.100265
vn -0.110507 0.986403 -0.121646
vn -0.068825 0.988544 -0.134328
vn -0.034450 0.989373 -0.141259
vn -0.006239 0.989723 -0.142861
vn 0.026593 0.989695 -0.140703
vn 0.056442 0.989521 -0.132905
vn 0.085830 0.988485 -0.124619
vn 0.168636 0.980402 -0.101853
vn 0.271671 0.959723 -0.071593
vn 0.459560 0.888042 -0.013628
vn 0.599342 0.799981 0.028619
vn 0.773420 0.632576 0.040852
vn 0.843828 0.536241 0.019982
vn 0.959373 0.278970 -0.042177
vn 0.979040 0.195528 -0.057004
vn 0.994597 0.071460 -0.075300
vn -0.991987 0.126333 -0.001422
vn -0.996284 0.085896 -0.006317
vn -0.968675 0.247868 0.015183
vn -0.904356 0.425457 0.033571
vn -0.804051 0.593191 0.040318
vn -0.630491 0.775955 0.019373
vn -0.489718 0.871680 -0.018692
vn -0.338633 0.937747 -0.077192
vn -0.220994 0.966339 -0.131725
vn -0.150890 0.974327 -0.167091
vn -0.097851 0.975747 -0.195814
vn -0.061508 0.975204 -0.212586
vn -0.031635 0.974660 -0.221444
vn -0.006195 0.974593 -0.223899
vn 0.023975 0.974806 -0.221764
vn 0.050397 0.976132 -0.211249
vn 0.076670 0.976972 -0.199117
vn 0.151478 0.974464 -0.165757
vn 0.247259 0.961267 -0.121777
vn 0.432851 0.900485 -0.042033
vn 0.582610 0.812670 0.011484
vn 0.785037 0.618711 0.030233
vn 0.863095 0.504870 0.013147
vn 0.966730 0.254590 -0.024836
vn 0.983212 0.180022 -0.029778
vn 0.997040 0.068881 -0.034154
vn -0.991223 0.105799 0.079274
vn -0.994489 0.069258 0.078710
vn -0.971812 0.222193 0.078815
vn -0.909852 0.406292 0.084235
vn -0.798428 0.597950 0.070492
vn -0.592078 0.805865 -0.004974
vn -0.428548 0.899072 -0.089532
vn -0.267904 0.945160 -0.186817
vn -0.162924 0.951954 -0.259306
vn -0.108297 0.946988 -0.302467
vn -0.071505 0.938911 -0.336651
vn -0.048361 0.933986 -0.354022
vn -0.027186 0.932450 -0.360274
vn -0.005657 0.932045 -0.362298
vn 0.020229 0.932027 -0.361825
vn 0.038242 0.934922 -0.352787
vn 0.056863 0.939094 -0.338922
vn 0.112277 0.948555 -0.296035
vn 0.190293 0.952969 -0.235878
vn 0.371636 0.920314 -0.122099
vn 0.542292 0.839379 -0.036908
vn 0.788735 0.613377 0.040815
vn 0.876139 0.478949 0.054664
vn 0.970662 0.234051 0.055099
vn 0.984172 0.168907 0.053628
vn 0.996163 0.071122 0.051006
vn -0.992477 0.099884 0.070794
vn -0.995478 0.066001 0.068322
vn -0.973269 0.210923 0.090875
vn -0.911296 0.398342 0.104225
vn -0.789906 0.608966 0.072176
vn -0.557843 0.828795 -0.043696
vn -0.379795 0.911897 -0.155564
vn -0.217546 0.937395 -0.271964
vn -0.124807 0.929250 -0.347732
vn -0.080981 0.916825 -0.390991
vn -0.055000 0.903741 -0.424532
vn -0.041829 0.897457 -0.439115
vn -0.025583 0.897146 -0.440994
vn -0.005153 0.897184 -0.441626
vn 0.019234 0.896548 -0.442528
vn 0.031541 0.898535 -0.437766
vn 0.044516 0.903481 -0.426311
vn 0.085595 0.919267 -0.384216
vn 0.150363 0.935563 -0.319551
vn 0.327595 0.926372 -0.185786
vn 0.509447 0.857438 -0.072556
vn 0.775754 0.627264 0.068882
vn 0.866310 0.485611 0.117003
vn 0.959247 0.229317 0.165106
vn 0.971957 0.164486 0.168058
vn 0.983531 0.068107 0.167419
vn -0.983243 0.060358 0.172019
vn -0.986660 0.032889 0.159439
vn -0.967044 0.170172 0.189388
vn -0.901646 0.406957 0.146354
vn -0.757749 0.651420 0.038323
vn -0.477167 0.864189 -0.159651
vn -0.278788 0.911325 -0.302927
vn -0.129791 0.893358 -0.430194
vn -0.064139 0.862849 -0.501376
vn -0.039797 0.841176 -0.539295
vn -0.031454 0.823000 -0.567170
vn -0.036409 0.816694 -0.575922
vn -0.026979 0.821299 -0.569860
vn -0.004469 0.823553 -0.567222
vn 0.021134 0.821862 -0.569295
vn 0.026132 0.819196 -0.572918
vn 0.029776 0.821731 -0.569097
vn 0.044565 0.841248 -0.538809
vn 0.082104 0.872520 -0.481631
vn 0.234242 0.911928 -0.336925
vn 0.425495 0.885658 -0.185915
vn 0.732481 0.679734 0.037856
vn 0.838244 0.532414 0.117828
vn 0.948351 0.242637 0.204347
vn 0.961257 0.171662 0.215681
vn 0.970290 0.074641 0.230142
vn -0.945850 0.074440 0.315953
vn -0.944001 0.036632 0.327902
vn -0.942924 0.206989 0.260865
vn -0.879922 0.451574 0.147711
vn -0.717340 0.696637 -0.010956
vn -0.402577 0.877947 -0.259115
vn -0.200062 0.885857 -0.418607
vn -0.071154 0.835999 -0.544098
vn -0.027253 0.794969 -0.606037
vn -0.017404 0.771356 -0.636166
vn -0.019307 0.753798 -0.656822
vn -0.035186 0.748027 -0.662735
vn -0.030414 0.755270 -0.654708
vn -0.004510 0.759181 -0.650864
vn 0.023946 0.757782 -0.652069
vn 0.026741 0.752257 -0.658327
vn 0.025216 0.752071 -0.658599
vn 0.022087 0.769784 -0.637923
vn 0.040742 0.805055 -0.591800
vn 0.162629 0.873473 -0.458908
vn 0.346139 0.888334 -0.301744
vn 0.688241 0.725165 -0.021462
vn 0.811533 0.576933 0.092539
vn 0.936719 0.267435 0.225911
vn 0.949872 0.192347 0.246467
vn 0.958292 0.092570 0.270385
vn -0.950682 0.113415 0.288688
vn -0.952861 0.065965 0.296149
vn -0.928120 0.272243 0.253922
vn -0.837744 0.533542 0.116265
vn -0.628016 0.768724 -0.121077
vn -0.265420 0.857757 -0.440234
vn -0.079413 0.797450 -0.598136
vn 0.006164 0.715105 -0.698990
vn 0.017755 0.671299 -0.740974
vn 0.006410 0.651403 -0.758705
vn -0.007353 0.640163 -0.768204
vn -0.033121 0.636167 -0.770840
vn -0.035275 0.642634 -0.765361
vn -0.005308 0.647708 -0.761870
vn 0.027136 0.648522 -0.760713
vn 0.029526 0.642199 -0.765969
vn 0.023136 0.638469 -0.769300
vn -0.003155 0.649307 -0.760520
vn -0.009692 0.682007 -0.731282
vn 0.058078 0.773372 -0.631287
vn 0.208306 0.845396 -0.491849
vn 0.587421 0.794801 -0.152403
vn 0.746367 0.665006 0.026524
vn 0.908353 0.324969 0.263230
vn 0.925271 0.233459 0.298949
vn 0.934593 0.108897 0.338642
vn -0.940158 0.134939 0.312880
vn -0.943698 0.086826 0.319212
vn -0.910417 0.320928 0.261049
vn -0.777507 0.628094 0.031325
vn -0.491837 0.816208 -0.303153
vn -0.110349 0.765504 -0.633898
vn 0.027613 0.655819 -0.754413
vn 0.063447 0.572014 -0.817786
vn 0.048290 0.538520 -0.841228
vn 0.019772 0.526235 -0.850109
vn -0.003261 0.523431 -0.852062
vn -0.030537 0.523587 -0.851425
vn -0.037300 0.522262 -0.851969
vn -0.006793 0.524992 -0.851080
vn 0.027470 0.529864 -0.847638
vn 0.032336 0.528926 -0.848052
vn 0.025122 0.523600 -0.851594
vn -0.018072 0.524298 -0.851343
vn -0.045374 0.547409 -0.835634
vn -0.030112 0.633540 -0.773124
vn 0.064750 0.734096 -0.675952
vn 0.435620 0.828987 -0.350737
vn 0.638347 0.760078 -0.121634
vn 0.884971 0.400892 0.236878
vn 0.913915 0.284327 0.289686
vn 0.931210 0.118272 0.344761
vn -0.905894 0.183934 0.381478
vn -0.906316 0.117525 0.405929
vn -0.870290 0.430737 0.238876
vn -0.641585 0.747417 -0.172444
vn -0.262921 0.775565 -0.573909
vn 0.049452 0.579398 -0.813543
vn 0.112827 0.470982 -0.874897
vn 0.103194 0.410542 -0.905983
vn 0.065109 0.396105 -0.915894
vn 0.027623 0.392415 -0.919373
vn -0.006393 0.394358 -0.918935
vn -0.028902 0.401954 -0.915204
vn -0.033367 0.387309 -0.921346
vn -0.008552 0.382507 -0.923913
vn 0.022732 0.391993 -0.919687
vn 0.032671 0.404234 -0.914072
vn 0.030543 0.399195 -0.916357
vn -0.023638 0.385897 -0.922239
vn -0.070716 0.396140 -0.915463
vn -0.098203 0.454853 -0.885136
vn -0.072154 0.540104 -0.838500
vn 0.197653 0.758223 -0.621314
vn 0.423776 0.814182 -0.396889
vn 0.837637 0.525086 0.150495
vn 0.890751 0.371918 0.261229
vn 0.914561 0.134734 0.381347
vn -0.868310 0.376138 0.323354
vn -0.876431 0.256702 0.407398
vn -0.740874 0.670911 -0.031365
vn -0.316523 0.750539 -0.580090
vn 0.014169 0.550869 -0.834471
vn 0.153415 0.342728 -0.926823
vn 0.162235 0.282344 -0.945495
vn 0.125482 0.247598 -0.960703
vn 0.062430 0.254882 -0.964955
vn 0.035307 0.258315 -0.965415
vn -0.012617 0.255888 -0.966624
vn -0.033708 0.270532 -0.962121
vn -0.020934 0.246669 -0.968874
vn -0.009312 0.232688 -0.972507
vn 0.011532 0.243491 -0.969835
vn 0.027190 0.270148 -0.962435
vn 0.040138 0.266349 -0.963041
vn -0.017598 0.236787 -0.971402
vn -0.086455 0.235148 -0.968107
vn -0.135512 0.267497 -0.953982
vn -0.157472 0.313040 -0.936594
vn -0.059723 0.508463 -0.859010
vn 0.079596 0.644860 -0.760145
vn 0.675776 0.717749 -0.167819
vn 0.809156 0.582722 0.075508
vn 0.879696 0.263672 0.395742
vn -0.785001 0.610908 0.102787
vn -0.832310 0.477651 0.281264
vn -0.462846 0.768440 -0.441898
vn -0.008064 0.559997 -0.828455
vn 0.179380 0.317858 -0.931015
vn 0.191487 0.178780 -0.965075
vn 0.182638 0.154033 -0.971039
vn 0.134741 0.134895 -0.981656
vn 0.051947 0.154313 -0.986655
vn 0.042059 0.160523 -0.986136
vn -0.016467 0.153484 -0.988014
vn -0.041090 0.171758 -0.984282
vn -0.009420 0.146951 -0.989099
vn -0.009002 0.128685 -0.991645
vn 0.001812 0.137692 -0.990473
vn 0.020711 0.169746 -0.985270
vn 0.048358 0.167524 -0.984681
vn -0.007864 0.129203 -0.991587
vn -0.093506 0.118617 -0.988527
vn -0.150310 0.136463 -0.979175
vn -0.190440 0.160092 -0.968557
vn -0.195380 0.275665 -0.941188
vn -0.150770 0.384056 -0.910917
vn 0.364563 0.751626 -0.549684
vn 0.608507 0.749527 -0.260631
vn 0.830163 0.489172 0.267469
vn -0.425992 0.797832 -0.426608
vn -0.592059 0.796862 -0.120324
vn 0.017854 0.526648 -0.849896
vn 0.262292 0.240962 -0.934420
vn 0.284115 0.094410 -0.954131
vn 0.204931 0.041232 -0.977908
vn 0.193425 0.039353 -0.980326
vn 0.139191 0.033197 -0.989709
vn 0.036758 0.059259 -0.997566
vn 0.049771 0.065363 -0.996620
vn -0.019220 0.055000 -0.998301
vn -0.051404 0.075853 -0.995793
vn 0.002547 0.054707 -0.998499
vn -0.007944 0.035309 -0.999345
vn -0.007725 0.040105 -0.999166
vn 0.013007 0.071060 -0.997387
vn 0.056915 0.071467 -0.995818
vn 0.005069 0.030449 -0.999523
vn -0.096669 0.011001 -0.995256
vn -0.158140 0.016208 -0.987284
vn -0.206788 0.029354 -0.977946
vn -0.268594 0.066687 -0.960943
vn -0.305685 0.102727 -0.946575
vn -0.104726 0.492106 -0.864213
vn 0.149331 0.699326 -0.699030
vn 0.569251 0.811389 -0.132671
vn -0.093068 0.710126 -0.697896
vn -0.279507 0.866716 -0.413134
vn 0.204772 0.318494 -0.925543
vn 0.327479 0.115437 -0.937780
vn 0.302900 0.027133 -0.952636
vn 0.204683 -0.000063 -0.978828
vn 0.195037 0.003095 -0.980791
vn 0.139356 0.001892 -0.990241
vn 0.029904 0.029839 -0.999107
vn 0.053222 0.034642 -0.997982
vn -0.020314 0.022523 -0.999540
vn -0.056211 0.043976 -0.997450
vn 0.007061 0.024591 -0.999673
vn -0.007210 0.005223 -0.999960
vn -0.011004 0.008009 -0.999907
vn 0.009695 0.037263 -0.999259
vn 0.060120 0.038728 -0.997440
vn 0.010492 -0.001249 -0.999944
vn -0.096360 -0.022717 -0.995087
vn -0.159595 -0.022233 -0.986932
vn -0.210191 -0.011407 -0.977594
vn -0.276347 0.009952 -0.961006
vn -0.331447 0.026202 -0.943110
vn -0.264564 0.334486 -0.904503
vn -0.091326 0.569281 -0.817055
vn 0.253524 0.888868 -0.381627
vn -0.033005 -0.024525 -0.999154
vn 0.091224 -0.011452 -0.995765
vn 0.096807 -0.010857 -0.995244
vn -0.033005 -0.024525 -0.999154
vn 0.276356 0.011208 -0.960990
vn 0.278664 0.011554 -0.960319
vn 0.347623 0.003943 -0.937626
vn 0.347899 0.003862 -0.937524
vn 0.308056 -0.003177 -0.951363
vn 0.307427 -0.003193 -0.951567
vn 0.203552 -0.006072 -0.979045
vn 0.203250 -0.006081 -0.979108
vn 0.194892 -0.004047 -0.980816
vn 0.195081 -0.004025 -0.980779
vn 0.139796 0.001815 -0.990179
vn 0.138819 0.001820 -0.990316
vn 0.026524 -0.000783 -0.999648
vn 0.026469 -0.000799 -0.999649
vn 0.056214 -0.005178 -0.998405
vn 0.056315 -0.005186 -0.998400
vn -0.024763 -0.010331 -0.999640
vn -0.024994 -0.010334 -0.999634
vn -0.056130 -0.007122 -0.998398
vn -0.055996 -0.007115 -0.998406
vn 0.009003 -0.000778 -0.999959
vn 0.009009 -0.000787 -0.999959
vn -0.006984 -0.000238 -0.999976
vn -0.006940 -0.000235 -0.999976
vn -0.012256 -0.004771 -0.999914
vn -0.012658 -0.004689 -0.999909
vn 0.008329 -0.012741 -0.999884
vn 0.008403 -0.012715 -0.999884
vn 0.058106 -0.008423 -0.998275
vn 0.057304 -0.008512 -0.998321
vn 0.019016 0.003927 -0.999812
vn 0.019165 0.003924 -0.999809
vn -0.095237 -0.000319 -0.995455
vn -0.095330 -0.000350 -0.995446
vn -0.159751 -0.008784 -0.987118
vn -0.159947 -0.008789 -0.987086
vn -0.211707 -0.007706 -0.977303
vn -0.211686 -0.007708 -0.977307
vn -0.277266 -0.001228 -0.960792
vn -0.277123 -0.001239 -0.960834
vn -0.337997 0.000214 -0.941147
vn -0.337579 0.000220 -0.941297
vn -0.337445 0.001283 -0.941344
vn -0.338197 0.001266 -0.941074
vn -0.215554 0.003206 -0.976487
vn -0.217572 0.003184 -0.976039
vn 0.026778 0.005640 -0.999626
vn 0.026778 0.005640 -0.999626
vn -0.259550 -0.885466 -0.385466
vn -0.105112 -0.736888 -0.667793
vn -0.428890 -0.800320 -0.418977
vn -0.573467 -0.809031 -0.128858
vn 0.191920 -0.351035 -0.916483
vn 0.003772 -0.546040 -0.837751
vn 0.325697 -0.134580 -0.935847
vn 0.257146 -0.258947 -0.931033
vn 0.302951 -0.040482 -0.952146
vn 0.283316 -0.108014 -0.952924
vn 0.205111 -0.015460 -0.978617
vn 0.205373 -0.054620 -0.977159
vn 0.193306 -0.015375 -0.981018
vn 0.190080 -0.049827 -0.980503
vn 0.139026 -0.004602 -0.990278
vn 0.138083 -0.036413 -0.989751
vn 0.030729 -0.034914 -0.998918
vn 0.037968 -0.062879 -0.997299
vn 0.054542 -0.047330 -0.997389
vn 0.053032 -0.075579 -0.995729
vn -0.019136 -0.045747 -0.998770
vn -0.016262 -0.076323 -0.996951
vn -0.058653 -0.060640 -0.996435
vn -0.056963 -0.091551 -0.994170
vn 0.006371 -0.028791 -0.999565
vn 0.001129 -0.058740 -0.998273
vn -0.006867 -0.009091 -0.999935
vn -0.007076 -0.038795 -0.999222
vn -0.009266 -0.021427 -0.999727
vn -0.003860 -0.052388 -0.998619
vn 0.010657 -0.064897 -0.997835
vn 0.014899 -0.096882 -0.995184
vn 0.057071 -0.056588 -0.996765
vn 0.050315 -0.088576 -0.994798
vn 0.009940 0.003591 -0.999944
vn 0.004265 -0.029031 -0.999569
vn -0.094223 0.014809 -0.995441
vn -0.092255 -0.017288 -0.995585
vn -0.159380 0.000166 -0.987217
vn -0.157810 -0.033380 -0.986905
vn -0.211199 -0.008120 -0.977409
vn -0.208400 -0.045357 -0.976991
vn -0.277480 -0.017796 -0.960567
vn -0.270280 -0.077166 -0.959684
vn -0.331440 -0.029568 -0.943013
vn -0.305699 -0.110789 -0.945661
vn -0.267794 -0.325171 -0.906946
vn -0.107425 -0.499180 -0.859813
vn -0.094042 -0.548290 -0.830984
vn 0.152491 -0.703233 -0.694413
vn 0.279041 -0.867602 -0.411586
vn 0.591449 -0.797064 -0.121975
vn -0.787422 -0.608755 0.096875
vn -0.832371 -0.481341 0.274716
vn -0.466789 -0.769827 -0.435286
vn -0.016239 -0.574820 -0.818119
vn 0.175973 -0.334940 -0.925662
vn 0.190037 -0.192016 -0.962817
vn 0.177181 -0.164002 -0.970418
vn 0.131565 -0.141412 -0.981169
vn 0.051879 -0.156846 -0.986260
vn 0.049888 -0.166832 -0.984722
vn -0.009462 -0.169911 -0.985414
vn -0.052587 -0.184801 -0.981368
vn -0.011890 -0.153358 -0.988099
vn -0.007450 -0.134526 -0.990882
vn 0.009760 -0.148061 -0.988930
vn 0.024303 -0.188696 -0.981735
vn 0.036225 -0.182136 -0.982606
vn -0.008627 -0.134299 -0.990903
vn -0.087100 -0.125049 -0.988320
vn -0.150279 -0.144825 -0.977979
vn -0.191881 -0.169089 -0.966742
vn -0.197090 -0.285842 -0.937790
vn -0.151357 -0.393004 -0.906994
vn 0.365838 -0.757778 -0.540309
vn 0.611877 -0.751316 -0.247246
vn 0.835025 -0.473764 0.279789
vn -0.871955 -0.367697 0.323254
vn -0.879168 -0.244655 0.408911
vn -0.740191 -0.671696 -0.030698
vn -0.320081 -0.758633 -0.567472
vn 0.009382 -0.566049 -0.824318
vn 0.149206 -0.356496 -0.922306
vn 0.155725 -0.293855 -0.943080
vn 0.120102 -0.257660 -0.958742
vn 0.059933 -0.260048 -0.963734
vn 0.046447 -0.264462 -0.963277
vn -0.003237 -0.267284 -0.963612
vn -0.048995 -0.279607 -0.958864
vn -0.023477 -0.255033 -0.966647
vn -0.007672 -0.240624 -0.970588
vn 0.022084 -0.251401 -0.967631
vn 0.031761 -0.281309 -0.959092
vn 0.025770 -0.277211 -0.960464
vn -0.017640 -0.247013 -0.968852
vn -0.080789 -0.243317 -0.966576
vn -0.136055 -0.271845 -0.952675
vn -0.158300 -0.317893 -0.934818
vn -0.061324 -0.515200 -0.854873
vn 0.078080 -0.650846 -0.755184
vn 0.677827 -0.716856 -0.163302
vn 0.811716 -0.578546 0.080015
vn 0.881813 -0.255725 0.396246
vn -0.908333 -0.168134 0.382965
vn -0.909350 -0.084278 0.407407
vn -0.868267 -0.432527 0.242969
vn -0.639808 -0.751204 -0.162291
vn -0.266699 -0.783629 -0.561069
vn 0.042621 -0.591958 -0.804841
vn 0.105412 -0.484523 -0.868404
vn 0.095337 -0.423823 -0.900713
vn 0.059443 -0.407218 -0.911395
vn 0.039959 -0.401728 -0.914887
vn 0.002687 -0.400621 -0.916240
vn -0.045378 -0.407089 -0.912261
vn -0.034782 -0.397533 -0.916929
vn -0.007572 -0.392310 -0.919802
vn 0.034492 -0.397446 -0.916977
vn 0.037596 -0.407298 -0.912521
vn 0.017495 -0.404729 -0.914269
vn -0.021928 -0.397561 -0.917314
vn -0.068239 -0.405566 -0.911515
vn -0.099443 -0.459123 -0.882790
vn -0.072254 -0.544073 -0.835921
vn 0.196660 -0.762104 -0.616865
vn 0.422391 -0.816892 -0.392777
vn 0.839530 -0.522495 0.148955
vn 0.893325 -0.367403 0.258815
vn 0.916663 -0.128264 0.378520
vn -0.937068 -0.127484 0.325039
vn -0.942375 -0.066040 0.327977
vn -0.905500 -0.321685 0.276748
vn -0.776423 -0.628551 0.045735
vn -0.493998 -0.819536 -0.290391
vn -0.116308 -0.773749 -0.622724
vn 0.019933 -0.667348 -0.744480
vn 0.054179 -0.584713 -0.809429
vn 0.041628 -0.551725 -0.832987
vn 0.028532 -0.536987 -0.843108
vn 0.001699 -0.528072 -0.849198
vn -0.042742 -0.529640 -0.847145
vn -0.037171 -0.533858 -0.844757
vn -0.006796 -0.535875 -0.844270
vn 0.037593 -0.535893 -0.843448
vn 0.036781 -0.530506 -0.846883
vn 0.016217 -0.527309 -0.849519
vn -0.014966 -0.532572 -0.846252
vn -0.045121 -0.555280 -0.830439
vn -0.031026 -0.640489 -0.767340
vn 0.064899 -0.740414 -0.669011
vn 0.432610 -0.832343 -0.346488
vn 0.634882 -0.762902 -0.122088
vn 0.887782 -0.399041 0.229369
vn 0.918252 -0.276734 0.283253
vn 0.934730 -0.097774 0.341642
vn -0.943924 -0.126200 0.305093
vn -0.948361 -0.083746 0.305937
vn -0.922792 -0.268669 0.276174
vn -0.838122 -0.528572 0.134768
vn -0.630332 -0.768993 -0.106454
vn -0.269872 -0.862670 -0.427750
vn -0.086615 -0.805342 -0.586449
vn -0.003742 -0.725115 -0.688618
vn 0.011254 -0.682728 -0.730586
vn 0.010291 -0.661021 -0.750297
vn -0.006388 -0.644800 -0.764324
vn -0.039244 -0.643450 -0.764481
vn -0.034211 -0.653813 -0.755883
vn -0.005873 -0.658243 -0.752783
vn 0.034805 -0.655559 -0.754341
vn 0.033470 -0.645380 -0.763128
vn 0.017789 -0.643014 -0.765648
vn -0.000060 -0.655428 -0.755258
vn -0.009011 -0.688575 -0.725110
vn 0.057877 -0.780543 -0.622417
vn 0.206458 -0.850612 -0.483564
vn 0.580811 -0.798979 -0.155856
vn 0.740507 -0.671879 0.015113
vn 0.913977 -0.323060 0.245516
vn 0.933537 -0.217090 0.285274
vn 0.940608 -0.063352 0.333532
vn -0.938443 -0.114197 0.326012
vn -0.939386 -0.085883 0.331932
vn -0.930495 -0.218168 0.294249
vn -0.878532 -0.439037 0.188226
vn -0.722358 -0.691301 0.017402
vn -0.405976 -0.881643 -0.240602
vn -0.207375 -0.892596 -0.400334
vn -0.082306 -0.844903 -0.528549
vn -0.034449 -0.804538 -0.592902
vn -0.018696 -0.779436 -0.626204
vn -0.021580 -0.758806 -0.650959
vn -0.035440 -0.754931 -0.654846
vn -0.028784 -0.763924 -0.644664
vn -0.005093 -0.767567 -0.640949
vn 0.029177 -0.764559 -0.643893
vn 0.030269 -0.756595 -0.653183
vn 0.022489 -0.756970 -0.653063
vn 0.024112 -0.774452 -0.632174
vn 0.042437 -0.809008 -0.586264
vn 0.161121 -0.875898 -0.454799
vn 0.340197 -0.890190 -0.303030
vn 0.678352 -0.733680 -0.039399
vn 0.803822 -0.591184 0.066120
vn 0.944359 -0.256679 0.205674
vn 0.958803 -0.159365 0.235161
vn 0.961657 -0.027888 0.272833
vn -0.983760 -0.103989 0.146299
vn -0.985515 -0.079854 0.149611
vn -0.970049 -0.194945 0.144918
vn -0.910310 -0.396435 0.119061
vn -0.764856 -0.642942 0.040256
vn -0.479180 -0.867198 -0.135480
vn -0.286273 -0.917402 -0.276444
vn -0.142849 -0.902345 -0.406655
vn -0.073302 -0.872120 -0.483771
vn -0.044685 -0.848862 -0.526722
vn -0.035417 -0.828424 -0.558981
vn -0.033953 -0.822818 -0.567290
vn -0.025095 -0.827868 -0.560362
vn -0.004729 -0.830136 -0.557541
vn 0.025078 -0.827902 -0.560312
vn 0.029224 -0.823390 -0.566723
vn 0.028191 -0.825941 -0.563052
vn 0.045391 -0.844496 -0.533634
vn 0.083257 -0.873517 -0.479621
vn 0.230475 -0.911017 -0.341950
vn 0.417040 -0.886959 -0.198449
vn 0.723157 -0.689904 0.032828
vn 0.829060 -0.543596 0.131006
vn 0.941855 -0.224083 0.250391
vn 0.957552 -0.137790 0.253194
vn 0.969978 -0.025231 0.241882
vn -0.992392 -0.104481 0.065129
vn -0.994962 -0.077530 0.063554
vn -0.977057 -0.201310 0.069521
vn -0.915398 -0.394658 0.079324
vn -0.789197 -0.611332 0.058660
vn -0.554482 -0.831369 -0.037090
vn -0.381916 -0.914021 -0.136772
vn -0.230683 -0.941630 -0.245190
vn -0.138626 -0.935918 -0.323791
vn -0.091622 -0.923598 -0.372253
vn -0.061570 -0.909667 -0.410750
vn -0.039537 -0.902956 -0.427911
vn -0.023607 -0.902089 -0.430905
vn -0.004359 -0.902211 -0.431273
vn 0.021967 -0.901518 -0.432184
vn 0.033083 -0.901996 -0.430475
vn 0.043209 -0.906309 -0.420402
vn 0.083243 -0.920478 -0.381825
vn 0.147460 -0.934892 -0.322851
vn 0.323514 -0.926495 -0.192213
vn 0.504494 -0.860246 -0.073903
vn 0.771948 -0.631098 0.076235
vn 0.865321 -0.485465 0.124672
vn 0.962143 -0.217364 0.164416
vn 0.974220 -0.152112 0.166608
vn 0.984451 -0.059975 0.165105
vn -0.991791 -0.103653 0.074877
vn -0.994386 -0.072928 0.076667
vn -0.974833 -0.209406 0.076481
vn -0.912222 -0.402189 0.078077
vn -0.795423 -0.602882 0.061942
vn -0.584925 -0.811070 -0.005238
vn -0.426619 -0.900884 -0.080026
vn -0.277825 -0.945559 -0.169501
vn -0.177177 -0.954463 -0.240018
vn -0.120962 -0.950934 -0.284767
vn -0.079318 -0.943643 -0.321321
vn -0.047309 -0.938954 -0.340775
vn -0.025335 -0.936960 -0.348517
vn -0.004337 -0.936422 -0.350850
vn 0.022292 -0.936140 -0.350920
vn 0.038579 -0.937916 -0.344710
vn 0.055062 -0.941517 -0.332437
vn 0.107866 -0.950029 -0.292932
vn 0.185581 -0.953733 -0.236545
vn 0.369559 -0.921050 -0.122857
vn 0.542821 -0.839304 -0.030251
vn 0.786591 -0.614382 0.061726
vn 0.873110 -0.481499 0.076405
vn 0.972156 -0.224662 0.066637
vn 0.985308 -0.159061 0.062185
vn 0.996156 -0.067195 0.056191
vn -0.993348 -0.115056 -0.004737
vn -0.997069 -0.076068 -0.008257
vn -0.971675 -0.236125 0.009600
vn -0.905375 -0.423220 0.034367
vn -0.798498 -0.600060 0.048252
vn -0.622098 -0.782442 0.027916
vn -0.486812 -0.873399 -0.013743
vn -0.344489 -0.935938 -0.073126
vn -0.232885 -0.964532 -0.124266
vn -0.162799 -0.974136 -0.156705
vn -0.104857 -0.977595 -0.182521
vn -0.061243 -0.978321 -0.197830
vn -0.030144 -0.977789 -0.207411
vn -0.004714 -0.977452 -0.211107
vn 0.024916 -0.977209 -0.210813
vn 0.049380 -0.978097 -0.202208
vn 0.074037 -0.978803 -0.190951
vn 0.145248 -0.976570 -0.158790
vn 0.242015 -0.963469 -0.114697
vn 0.433194 -0.900681 -0.033407
vn 0.588196 -0.808452 0.020743
vn 0.791363 -0.609434 0.048315
vn 0.866349 -0.497694 0.041720
vn 0.965592 -0.259885 0.009596
vn 0.981228 -0.192805 -0.004287
vn 0.995142 -0.095215 -0.025040
vn -0.991902 -0.126966 -0.003098
vn -0.996384 -0.084838 -0.004575
vn -0.966722 -0.255797 0.004076
vn -0.896151 -0.443028 0.025319
vn -0.793866 -0.606550 0.043282
vn -0.635532 -0.771255 0.035557
vn -0.512041 -0.858937 0.006389
vn -0.373609 -0.926872 -0.036380
vn -0.257303 -0.963597 -0.072634
vn -0.180428 -0.979010 -0.094787
vn -0.115087 -0.987127 -0.111066
vn -0.067934 -0.990435 -0.120094
vn -0.033147 -0.991354 -0.126960
vn -0.005118 -0.991510 -0.129926
vn 0.026932 -0.991153 -0.129960
vn 0.055176 -0.990811 -0.123491
vn 0.082965 -0.989840 -0.115472
vn 0.162432 -0.982381 -0.092436
vn 0.267508 -0.961664 -0.060354
vn 0.460435 -0.887694 -0.000355
vn 0.603358 -0.796562 0.038048
vn 0.784184 -0.619484 0.035990
vn 0.854932 -0.518643 0.010000
vn 0.956103 -0.288849 -0.049330
vn 0.973680 -0.219319 -0.062025
vn 0.990583 -0.113769 -0.076176
vn -0.988086 -0.139193 -0.065668
vn -0.992857 -0.098277 -0.067650
vn -0.959834 -0.275162 -0.054821
vn -0.881417 -0.471596 -0.026468
vn -0.783895 -0.620893 0.000276
vn -0.646702 -0.762670 0.010496
vn -0.533604 -0.845731 0.002347
vn -0.396786 -0.917861 -0.009580
vn -0.276358 -0.960889 -0.017855
vn -0.192845 -0.980986 -0.021860
vn -0.120427 -0.992460 -0.022830
vn -0.071945 -0.997176 -0.021527
vn -0.035400 -0.999134 -0.021889
vn -0.005544 -0.999729 -0.022603
vn 0.028535 -0.999323 -0.023213
vn 0.059696 -0.997965 -0.022407
vn 0.089828 -0.995741 -0.020754
vn 0.176313 -0.984226 -0.014586
vn 0.288450 -0.957478 -0.005660
vn 0.483823 -0.875098 0.010894
vn 0.615876 -0.787530 0.022230
vn 0.767934 -0.640132 0.022561
vn 0.832009 -0.554564 0.014849
vn 0.947502 -0.319747 -0.001162
vn 0.970734 -0.240130 -0.003522
vn 0.992785 -0.119624 -0.008311
vn -0.988818 -0.145679 0.031890
vn -0.994110 -0.104333 0.029335
vn -0.960218 -0.277752 0.028907
vn -0.885148 -0.465304 0.002454
vn -0.786325 -0.617302 -0.025119
vn -0.643426 -0.764869 -0.031294
vn -0.529110 -0.848400 -0.016117
vn -0.392592 -0.919703 0.004305
vn -0.273234 -0.961751 0.019459
vn -0.189292 -0.981468 0.029805
vn -0.115996 -0.992435 0.040234
vn -0.069453 -0.996400 0.048612
vn -0.034679 -0.997997 0.052903
vn -0.005579 -0.998533 0.053862
vn 0.028052 -0.998209 0.052846
vn 0.058963 -0.997034 0.049471
vn 0.088855 -0.994973 0.046195
vn 0.175219 -0.983775 0.038528
vn 0.286087 -0.957804 0.027684
vn 0.479554 -0.877508 0.002574
vn 0.613311 -0.789673 -0.016332
vn 0.772753 -0.634569 -0.013227
vn 0.839349 -0.543577 0.004089
vn 0.951729 -0.302711 0.050769
vn 0.972397 -0.224366 0.064066
vn 0.991036 -0.105327 0.082184
vn -0.989973 -0.136032 0.038062
vn -0.994509 -0.096187 0.041221
vn -0.966295 -0.255970 0.027447
vn -0.903427 -0.428741 -0.001100
vn -0.802398 -0.596102 -0.028641
vn -0.632424 -0.774026 -0.030397
vn -0.500955 -0.865471 -0.001732
vn -0.360631 -0.931532 0.046835
vn -0.246590 -0.964963 0.089669
vn -0.167556 -0.978745 0.118248
vn -0.099609 -0.984677 0.143143
vn -0.059804 -0.985387 0.159489
vn -0.031141 -0.985249 0.168267
vn -0.005446 -0.985316 0.170652
vn 0.025553 -0.985279 0.169035
vn 0.052936 -0.985537 0.160980
vn 0.079436 -0.985266 0.151462
vn 0.158654 -0.979244 0.126132
vn 0.261081 -0.960859 0.092666
vn 0.449611 -0.892769 0.028522
vn 0.594032 -0.804261 -0.017028
vn 0.782474 -0.621371 -0.040414
vn 0.856660 -0.514868 -0.032301
vn 0.963111 -0.269073 -0.004237
vn 0.981069 -0.193620 0.003829
vn 0.996648 -0.080337 0.015466
vn -0.991477 -0.130217 -0.004080
vn -0.995580 -0.093791 -0.004862
vn -0.970900 -0.239322 -0.008906
vn -0.912780 -0.407765 -0.023693
vn -0.809994 -0.585532 -0.032590
vn -0.622434 -0.782568 -0.012791
vn -0.476146 -0.878934 0.027591
vn -0.329883 -0.939718 0.090041
vn -0.220053 -0.964178 0.148116
vn -0.146419 -0.971421 0.186822
vn -0.084933 -0.971988 0.219147
vn -0.051290 -0.969770 0.238568
vn -0.028064 -0.968282 0.248279
vn -0.005384 -0.968035 0.250759
vn 0.023374 -0.968244 0.248912
vn 0.047062 -0.969763 0.239466
vn 0.069903 -0.971385 0.226990
vn 0.141600 -0.971081 0.192228
vn 0.236642 -0.960481 0.146549
vn 0.422756 -0.904030 0.063301
vn 0.576230 -0.817275 0.004525
vn 0.784420 -0.618784 -0.042320
vn 0.862559 -0.503644 -0.048316
vn 0.966416 -0.253178 -0.044052
vn 0.983121 -0.178452 -0.040335
vn 0.997104 -0.068085 -0.033882
vn -0.986143 -0.139819 -0.089285
vn -0.989549 -0.109788 -0.093482
vn -0.969491 -0.233051 -0.075987
vn -0.916878 -0.392353 -0.073439
vn -0.809807 -0.583704 -0.059180
vn -0.597227 -0.801995 0.011137
vn -0.429931 -0.898440 0.089245
vn -0.271878 -0.945176 0.180899
vn -0.169537 -0.951420 0.257015
vn -0.107980 -0.946425 0.304335
vn -0.060782 -0.938187 0.340751
vn -0.038106 -0.932364 0.359507
vn -0.024132 -0.930251 0.366129
vn -0.005543 -0.930258 0.366864
vn 0.020913 -0.930571 0.365513
vn 0.037580 -0.932769 0.358510
vn 0.052928 -0.937041 0.345186
vn 0.109303 -0.946801 0.302690
vn 0.190188 -0.950987 0.243830
vn 0.372644 -0.918864 0.129711
vn 0.541007 -0.840078 0.039755
vn 0.781253 -0.623054 -0.038057
vn 0.868454 -0.493952 -0.042413
vn 0.970839 -0.238411 -0.025128
vn 0.985912 -0.165759 -0.022383
vn 0.997943 -0.060781 -0.020381
vn -0.986886 -0.128017 -0.098325
vn -0.991536 -0.098977 -0.084024
vn -0.964530 -0.225628 -0.137021
vn -0.909860 -0.392536 -0.134427
vn -0.798915 -0.595738 -0.082647
vn -0.573540 -0.818478 0.033841
vn -0.397157 -0.907895 0.134140
vn -0.235093 -0.940792 0.244216
vn -0.139760 -0.935456 0.324638
vn -0.087080 -0.924442 0.371246
vn -0.049053 -0.912738 0.405590
vn -0.032462 -0.906123 0.421766
vn -0.023269 -0.904850 0.425095
vn -0.005849 -0.905431 0.424453
vn 0.020847 -0.905514 0.423803
vn 0.033508 -0.906866 0.420086
vn 0.043982 -0.911764 0.408353
vn 0.090467 -0.926182 0.366065
vn 0.162138 -0.938812 0.303880
vn 0.340072 -0.923987 0.174926
vn 0.514927 -0.854756 0.065132
vn 0.772640 -0.631626 -0.063845
vn 0.863812 -0.493340 -0.102196
vn 0.963126 -0.235282 -0.130503
vn 0.976937 -0.166624 -0.133530
vn 0.988371 -0.067001 -0.136508
vn -0.992985 -0.063744 -0.099588
vn -0.995659 -0.040330 -0.083879
vn -0.974438 -0.170941 -0.145769
vn -0.905222 -0.400706 -0.141448
vn -0.773920 -0.629959 -0.064809
vn -0.522816 -0.846336 0.101879
vn -0.331482 -0.914113 0.233492
vn -0.173274 -0.916969 0.359366
vn -0.095486 -0.895032 0.435660
vn -0.058038 -0.877304 0.476413
vn -0.033586 -0.862241 0.505384
vn -0.026712 -0.855725 0.516741
vn -0.024072 -0.857207 0.514408
vn -0.006381 -0.859023 0.511897
vn 0.022640 -0.858383 0.512509
vn 0.029885 -0.857208 0.514102
vn 0.032642 -0.861585 0.506563
vn 0.062264 -0.880522 0.469898
vn 0.116681 -0.904788 0.409565
vn 0.278561 -0.922138 0.268451
vn 0.460556 -0.877622 0.132924
vn 0.743534 -0.666276 -0.056865
vn 0.844184 -0.520908 -0.126524
vn 0.951368 -0.235090 -0.199076
vn 0.964876 -0.166668 -0.203066
vn 0.975346 -0.072481 -0.208438
vn -0.956761 -0.061656 -0.284265
vn -0.953762 -0.037671 -0.298192
vn -0.957865 -0.173619 -0.228805
vn -0.897808 -0.415781 -0.145145
vn -0.758084 -0.651067 -0.037702
vn -0.486982 -0.859645 0.154465
vn -0.286978 -0.909180 0.301721
vn -0.135450 -0.891897 0.431477
vn -0.070131 -0.861654 0.502627
vn -0.041920 -0.840998 0.539412
vn -0.025261 -0.824752 0.564930
vn -0.024608 -0.819018 0.573240
vn -0.025489 -0.822839 0.567703
vn -0.006669 -0.825415 0.564487
vn 0.024341 -0.824165 0.565827
vn 0.028962 -0.821086 0.570070
vn 0.027123 -0.824395 0.565364
vn 0.045999 -0.844338 0.533833
vn 0.089307 -0.874174 0.477330
vn 0.238846 -0.911694 0.334316
vn 0.423307 -0.886438 0.187184
vn 0.726499 -0.686837 -0.021306
vn 0.835667 -0.541574 -0.091424
vn 0.953039 -0.246212 -0.176344
vn 0.965569 -0.175273 -0.192239
vn 0.974467 -0.076220 -0.211199
vn -0.937736 -0.133445 -0.320692
vn -0.937390 -0.093450 -0.335510
vn -0.927144 -0.262984 -0.266917
vn -0.859145 -0.489044 -0.150684
vn -0.688696 -0.724263 0.033787
vn -0.359972 -0.876584 0.319407
vn -0.161782 -0.858522 0.486587
vn -0.048702 -0.795570 0.603901
vn -0.015179 -0.753528 0.657241
vn -0.009426 -0.730366 0.682991
vn -0.010387 -0.715316 0.698724
vn -0.023357 -0.713259 0.700511
vn -0.031065 -0.722069 0.691123
vn -0.006604 -0.725874 0.687796
vn 0.029440 -0.722773 0.690458
vn 0.029459 -0.716520 0.696944
vn 0.019353 -0.716691 0.697122
vn 0.013145 -0.733400 0.679670
vn 0.028720 -0.767757 0.640097
vn 0.128572 -0.845692 0.517953
vn 0.297490 -0.882375 0.364573
vn 0.650518 -0.756897 0.062716
vn 0.785292 -0.614588 -0.074817
vn 0.917596 -0.303356 -0.256892
vn 0.932614 -0.216412 -0.288787
vn 0.940680 -0.091669 -0.326678
vn -0.951178 -0.147120 -0.271322
vn -0.957046 -0.100394 -0.271999
vn -0.922803 -0.292139 -0.251175
vn -0.832427 -0.540514 -0.122101
vn -0.626977 -0.770386 0.115780
vn -0.268839 -0.856041 0.441496
vn -0.085841 -0.794591 0.601047
vn -0.004088 -0.715597 0.698502
vn 0.012263 -0.673512 0.739074
vn 0.005301 -0.652087 0.758125
vn -0.005735 -0.640721 0.767753
vn -0.024138 -0.641784 0.766506
vn -0.034702 -0.650656 0.758579
vn -0.006328 -0.654163 0.756327
vn 0.032557 -0.650920 0.758448
vn 0.030359 -0.644765 0.763778
vn 0.017833 -0.644024 0.764797
vn -0.001296 -0.655865 0.754877
vn -0.001173 -0.687693 0.726001
vn 0.063996 -0.777488 0.625633
vn 0.210457 -0.847342 0.487566
vn 0.582424 -0.797237 0.158729
vn 0.740190 -0.672270 -0.013132
vn 0.911441 -0.340545 -0.230877
vn 0.934132 -0.243192 -0.261255
vn 0.950002 -0.102107 -0.295077
vn -0.937348 -0.139230 -0.319365
vn -0.944442 -0.077654 -0.319372
vn -0.901595 -0.336425 -0.271927
vn -0.761317 -0.648020 -0.021593
vn -0.463217 -0.820730 0.334413
vn -0.089778 -0.742900 0.663355
vn 0.032627 -0.631020 0.775080
vn 0.057248 -0.554472 0.830231
vn 0.049375 -0.522226 0.851377
vn 0.023846 -0.507480 0.861334
vn -0.004535 -0.504807 0.863220
vn -0.025192 -0.511418 0.858963
vn -0.038774 -0.514704 0.856490
vn -0.006340 -0.517300 0.855781
vn 0.037262 -0.516177 0.855671
vn 0.030557 -0.512581 0.858095
vn 0.017739 -0.511364 0.859181
vn -0.017820 -0.512355 0.858589
vn -0.041935 -0.533504 0.844757
vn -0.036336 -0.616475 0.786536
vn 0.048618 -0.716203 0.696196
vn 0.407281 -0.828511 0.384307
vn 0.615916 -0.772982 0.152139
vn 0.882404 -0.414300 -0.222975
vn 0.915155 -0.292228 -0.277659
vn 0.935883 -0.115317 -0.332905
vn -0.905458 -0.196416 -0.376253
vn -0.907264 -0.106431 -0.406872
vn -0.854653 -0.476371 -0.206493
vn -0.593443 -0.770230 0.233605
vn -0.219090 -0.752143 0.621515
vn 0.059446 -0.544440 0.836691
vn 0.103040 -0.445593 0.889286
vn 0.090207 -0.397807 0.913024
vn 0.068219 -0.379997 0.922469
vn 0.033953 -0.371175 0.927942
vn -0.011484 -0.371991 0.928165
vn -0.025782 -0.381972 0.923814
vn -0.037302 -0.376713 0.925579
vn -0.008878 -0.379080 0.925322
vn 0.041087 -0.383586 0.922591
vn 0.028449 -0.381142 0.924079
vn 0.020924 -0.378781 0.925250
vn -0.021354 -0.368428 0.929411
vn -0.065624 -0.378427 0.923302
vn -0.097582 -0.433510 0.895850
vn -0.079827 -0.514209 0.853942
vn 0.165022 -0.733490 0.659364
vn 0.377063 -0.806149 0.456013
vn 0.819619 -0.562546 -0.108477
vn 0.881883 -0.404909 -0.241518
vn 0.908014 -0.147876 -0.391973
vn -0.833786 -0.512885 -0.204331
vn -0.852314 -0.406408 -0.329232
vn -0.640532 -0.731642 0.233281
vn -0.199301 -0.682531 0.703157
vn 0.070759 -0.473547 0.877922
vn 0.168206 -0.277752 0.945812
vn 0.138372 -0.227021 0.964010
vn 0.105189 -0.217931 0.970279
vn 0.076124 -0.218179 0.972935
vn 0.043296 -0.213812 0.975915
vn -0.019568 -0.212081 0.977056
vn -0.027474 -0.220534 0.974992
vn -0.031481 -0.211445 0.976883
vn -0.015848 -0.216738 0.976101
vn 0.046617 -0.227299 0.972709
vn 0.026094 -0.221392 0.974836
vn 0.027105 -0.216638 0.975876
vn -0.014543 -0.194628 0.980769
vn -0.081513 -0.192214 0.977962
vn -0.133572 -0.217039 0.966981
vn -0.171033 -0.258779 0.950674
vn -0.097112 -0.435476 0.894947
vn 0.011192 -0.555188 0.831650
vn 0.583553 -0.744147 0.325132
vn 0.731375 -0.677115 0.081278
vn 0.848338 -0.425963 -0.314451
vn -0.639549 -0.761357 0.106361
vn -0.711336 -0.695236 -0.103187
vn -0.288674 -0.723385 0.627201
vn 0.080495 -0.460286 0.884114
vn 0.215968 -0.250293 0.943775
vn 0.211181 -0.116683 0.970457
vn 0.145882 -0.095559 0.984676
vn 0.106521 -0.109782 0.988231
vn 0.077001 -0.119661 0.989824
vn 0.048463 -0.117366 0.991906
vn -0.023607 -0.113510 0.993256
vn -0.028757 -0.119631 0.992402
vn -0.027144 -0.111189 0.993429
vn -0.021377 -0.119503 0.992604
vn 0.050442 -0.132906 0.989844
vn 0.025165 -0.123157 0.992068
vn 0.031317 -0.117186 0.992616
vn -0.006811 -0.089050 0.996004
vn -0.087297 -0.078748 0.993065
vn -0.145385 -0.087280 0.985518
vn -0.206512 -0.107806 0.972487
vn -0.217688 -0.210724 0.952999
vn -0.186600 -0.299446 0.935688
vn 0.192444 -0.683286 0.704333
vn 0.442534 -0.785528 0.432562
vn 0.695214 -0.712182 -0.097337
vn -0.100856 -0.716657 0.690095
vn -0.279043 -0.868088 0.410559
vn 0.190359 -0.340228 0.920874
vn 0.312047 -0.146966 0.938631
vn 0.307210 -0.053534 0.950135
vn 0.233984 0.008073 0.972207
vn 0.141441 0.010959 0.989886
vn 0.100596 -0.019999 0.994726
vn 0.074975 -0.030560 0.996717
vn 0.052808 -0.029353 0.998173
vn -0.025587 -0.026751 0.999315
vn -0.031435 -0.030378 0.999044
vn -0.023067 -0.025967 0.999397
vn -0.028328 -0.038650 0.998851
vn 0.055769 -0.052555 0.997060
vn 0.024975 -0.037258 0.998994
vn 0.036586 -0.031380 0.998838
vn 0.003407 0.000243 0.999994
vn -0.089324 0.018171 0.995837
vn -0.149293 0.022013 0.988548
vn -0.225095 0.013215 0.974247
vn -0.282339 -0.023122 0.959036
vn -0.318662 -0.048682 0.946618
vn -0.230879 -0.352955 0.906707
vn -0.066522 -0.577931 0.813370
vn 0.247991 -0.890738 0.380901
vn 0.955916 -0.025784 0.292506
vn 0.993991 0.023682 0.106871
vn 0.993991 0.023682 0.106871
vn 0.956305 -0.025445 0.291261
vn 0.891616 -0.051198 0.449889
vn 0.891358 -0.051214 0.450398
vn 0.888632 -0.036673 0.457153
vn 0.888638 -0.036666 0.457141
vn 0.920863 -0.009265 0.389776
vn 0.920876 -0.009258 0.389746
vn 0.936928 -0.004085 0.349499
vn 0.936923 -0.004083 0.349513
vn 0.939234 -0.007810 0.343188
vn 0.939234 -0.007809 0.343188
vn 0.960854 -0.017706 0.276490
vn 0.960800 -0.017686 0.276679
vn 0.972136 -0.014763 0.233953
vn 0.971860 -0.014314 0.235123
vn 0.985135 0.039315 0.167225
vn 0.985566 0.039990 0.164503
vn 0.998180 0.029041 0.052855
vn 0.998239 0.028750 0.051886
vn 0.999458 -0.007490 -0.032045
vn 0.999457 -0.007619 -0.032065
vn 0.996524 -0.013474 -0.082216
vn 0.996487 -0.013461 -0.082663
vn 0.999883 -0.012740 -0.008525
vn 0.999889 -0.012750 -0.007706
vn 0.995963 -0.008817 0.089329
vn 0.995992 -0.008761 0.089011
vn 0.999788 0.006168 0.019628
vn 0.999791 0.006207 0.019465
vn 0.999302 0.018779 -0.032293
vn 0.999298 0.018803 -0.032393
vn 0.999149 0.032888 -0.024908
vn 0.999188 0.032861 -0.023328
vn 0.989007 0.009085 -0.147592
vn 0.989302 0.009314 -0.145583
vn 0.976238 -0.045238 -0.211929
vn 0.976838 -0.045506 -0.209086
vn 0.977066 -0.042493 -0.208655
vn 0.976254 -0.042022 -0.212515
vn 0.944297 0.004861 -0.329059
vn 0.944302 0.004864 -0.329044
vn 0.953502 0.008705 -0.301260
vn 0.953509 0.008713 -0.301239
vn 0.941722 0.005751 -0.336344
vn 0.941730 0.005747 -0.336322
vn 0.912944 0.013718 -0.407854
vn 0.912957 0.013715 -0.407825
vn 0.895481 0.016020 -0.444812
vn 0.895468 0.016032 -0.444838
vn 0.919371 0.011026 -0.393238
vn 0.918943 0.011103 -0.394235
vn 0.993101 -0.009650 -0.116867
vn 0.993101 -0.009650 -0.116867
vn -0.993559 0.008617 0.112989
vn -0.954188 0.033290 0.297351
vn -0.953742 0.033479 0.298756
vn -0.993559 0.008617 0.112989
vn -0.888971 0.057563 0.454332
vn -0.889018 0.057547 0.454241
vn -0.880569 0.045176 0.471760
vn -0.880564 0.045185 0.471768
vn -0.906668 0.011292 0.421695
vn -0.906656 0.011300 0.421719
vn -0.946556 0.001766 0.322533
vn -0.946507 0.001765 0.322680
vn -0.952880 0.006407 0.303281
vn -0.952911 0.006393 0.303184
vn -0.942139 0.006409 0.335160
vn -0.942140 0.006411 0.335160
vn -0.990048 -0.003319 0.140692
vn -0.989825 -0.003280 0.142254
vn -0.997708 -0.004286 0.067537
vn -0.997732 -0.004296 0.067181
vn -0.996832 0.004444 0.079413
vn -0.996791 0.004407 0.079926
vn -0.999885 0.011106 -0.010295
vn -0.999884 0.011111 -0.010385
vn -0.999914 0.011514 -0.006326
vn -0.999914 0.011505 -0.006282
vn -0.997220 0.011164 -0.073679
vn -0.997244 0.011176 -0.073351
vn -0.999667 0.001432 0.025750
vn -0.999672 0.001442 0.025582
vn -0.998829 -0.013628 0.046430
vn -0.998812 -0.013596 0.046786
vn -0.999878 -0.014424 -0.005935
vn -0.999876 -0.014514 -0.006180
vn -0.995070 0.007175 -0.098915
vn -0.995341 0.007004 -0.096168
vn -0.997639 0.011748 -0.067671
vn -0.997411 0.011817 -0.070937
vn -0.997937 0.000884 -0.064201
vn -0.998056 0.000932 -0.062316
vn -0.949027 -0.002845 -0.315180
vn -0.949327 -0.002841 -0.314277
vn -0.938893 -0.000899 -0.344207
vn -0.938630 -0.000909 -0.344926
vn -0.962584 0.000758 -0.270982
vn -0.962580 0.000754 -0.270996
vn -0.950283 0.001613 -0.311383
vn -0.950361 0.001614 -0.311146
vn -0.904462 -0.007062 -0.426497
vn -0.904597 -0.007026 -0.426210
vn -0.888848 -0.019049 -0.457806
vn -0.888718 -0.018977 -0.458062
vn -0.918912 -0.021621 -0.393869
vn -0.919044 -0.021608 -0.393562
vn -0.992530 -0.009592 -0.121620
vn -0.992530 -0.009592 -0.121620
s 1
g pCube2
usemtl initialShadingGroup
f 1/1/1 2/2/2 28/28/3 27/27/4
f 2/2/2 3/3/5 29/29/6 28/28/3
f 3/3/5 4/4/7 30/30/8 29/29/6
f 4/4/7 5/5/9 31/31/10 30/30/8
f 5/5/9 6/6/11 32/32/12 31/31/10
f 6/6/11 7/7/13 33/33/14 32/32/12
f 7/7/13 8/8/15 34/34/16 33/33/14
f 8/8/15 9/9/17 35/35/18 34/34/16
f 9/9/17 10/10/19 36/36/20 35/35/18
f 10/10/19 11/11/21 37/37/22 36/36/20
f 11/11/21 12/12/23 38/38/24 37/37/22
f 12/12/23 13/13/25 39/39/26 38/38/24
f 13/13/25 14/14/27 40/40/28 39/39/26
f 14/14/27 15/15/29 41/41/30 40/40/28
f 15/15/29 16/16/31 42/42/32 41/41/30
f 16/16/31 17/17/33 43/43/34 42/42/32
f 17/17/33 18/18/35 44/44/36 43/43/34
f 18/18/35 19/19/37 45/45/38 44/44/36
f 19/19/37 20/20/39 46/46/40 45/45/38
f 20/20/39 21/21/41 47/47/42 46/46/40
f 21/21/41 22/22/43 48/48/44 47/47/42
f 22/22/43 23/23/45 49/49/46 48/48/44
f 23/23/45 24/24/47 50/50/48 49/49/46
f 24/24/47 25/25/49 51/51/50 50/50/48
f 25/25/49 26/26/51 52/52/52 51/51/50
s 2
f 27/27/53 28/28/54 53/53/55 1456/77/56
f 28/28/54 29/29/57 54/54/58 53/53/55
f 29/29/57 30/30/59 55/55/60 54/54/58
f 30/30/59 31/31/61 56/56/62 55/55/60
f 31/31/61 32/32/63 57/57/64 56/56/62
f 32/32/63 33/33/65 58/58/66 57/57/64
f 33/33/65 34/34/67 59/59/68 58/58/66
f 34/34/67 35/35/69 60/60/70 59/59/68
f 35/35/69 36/36/71 61/61/72 60/60/70
f 36/36/71 37/37/73 62/62/74 61/61/72
f 37/37/73 38/38/75 63/63/76 62/62/74
f 38/38/75 39/39/77 64/64/78 63/63/76
f 39/39/77 40/40/79 65/65/80 64/64/78
f 40/40/79 41/41/81 66/66/82 65/65/80
f 41/41/81 42/42/83 67/67/84 66/66/82
f 42/42/83 43/43/85 68/68/86 67/67/84
f 43/43/85 44/44/87 69/69/88 68/68/86
f 44/44/87 45/45/89 70/70/90 69/69/88
f 45/45/89 46/46/91 71/71/92 70/70/90
f 46/46/91 47/47/93 72/72/94 71/71/92
f 47/47/93 48/48/95 73/73/96 72/72/94
f 48/48/95 49/49/97 74/74/98 73/73/96
f 49/49/97 50/50/99 75/75/100 74/74/98
f 50/50/99 51/51/101 76/76/102 75/75/100
f 51/51/101 52/52/103 1430/78/104 76/76/102
f 1456/77/56 53/53/55 77/80/105 1455/79/106
f 53/53/55 54/54/58 78/81/107 77/80/105
f 54/54/58 55/55/60 79/82/108 78/81/107
f 55/55/60 56/56/62 80/83/109 79/82/108
f 56/56/62 57/57/64 81/84/110 80/83/109
f 57/57/64 58/58/66 82/85/111 81/84/110
f 58/58/66 59/59/68 83/86/112 82/85/111
f 59/59/68 60/60/70 84/87/113 83/86/112
f 60/60/70 61/61/72 85/88/114 84/87/113
f 61/61/72 62/62/74 86/89/115 85/88/114
f 62/62/74 63/63/76 87/90/116 86/89/115
f 63/63/76 64/64/78 88/91/117 87/90/116
f 64/64/78 65/65/80 89/92/118 88/91/117
f 65/65/80 66/66/82 90/93/119 89/92/118
f 66/66/82 67/67/84 91/94/120 90/93/119
f 67/67/84 68/68/86 92/95/121 91/94/120
f 68/68/86 69/69/88 93/96/122 92/95/121
f 69/69/88 70/70/90 94/97/123 93/96/122
f 70/70/90 71/71/92 95/98/124 94/97/123
f 71/71/92 72/72/94 96/99/125 95/98/124
f 72/72/94 73/73/96 97/100/126 96/99/125
f 73/73/96 74/74/98 98/101/127 97/100/126
f 74/74/98 75/75/100 99/102/128 98/101/127
f 75/75/100 76/76/102 100/103/129 99/102/128
f 76/76/102 1430/78/104 1429/104/130 100/103/129
f 1455/79/106 77/80/105 101/106/131 1454/105/132
f 77/80/105 78/81/107 102/107/133 101/106/131
f 78/81/107 79/82/108 103/108/134 102/107/133
f 79/82/108 80/83/109 104/109/135 103/108/134
f 80/83/109 81/84/110 105/110/136 104/109/135
f 81/84/110 82/85/111 106/111/137 105/110/136
f 82/85/111 83/86/112 107/112/138 106/111/137
f 83/86/112 84/87/113 108/113/139 107/112/138
f 84/87/113 85/88/114 109/114/140 108/113/139
f 85/88/114 86/89/115 110/115/141 109/114/140
f 86/89/115 87/90/116 111/116/142 110/115/141
f 87/90/116 88/91/117 112/117/143 111/116/142
f 88/91/117 89/92/118 113/118/144 112/117/143
f 89/92/118 90/93/119 114/119/145 113/118/144
f 90/93/119 91/94/120 115/120/146 114/119/145
f 91/94/120 92/95/121 116/121/147 115/120/146
f 92/95/121 93/96/122 117/122/148 116/121/147
f 93/96/122 94/97/123 118/123/149 117/122/148
f 94/97/123 95/98/124 119/124/150 118/123/149
f 95/98/124 96/99/125 120/125/151 119/124/150
f 96/99/125 97/100/126 121/126/152 120/125/151
f 97/100/126 98/101/127 122/127/153 121/126/152
f 98/101/127 99/102/128 123/128/154 122/127/153
f 99/102/128 100/103/129 124/129/155 123/128/154
f 100/103/129 1429/104/130 1428/130/156 124/129/155
f 1454/105/132 101/106/131 125/132/157 1453/131/158
f 101/106/131 102/107/133 126/133/159 125/132/157
f 102/107/133 103/108/134 127/134/160 126/133/159
f 103/108/134 104/109/135 128/135/161 127/134/160
f 104/109/135 105/110/136 129/136/162 128/135/161
f 105/110/136 106/111/137 130/137/163 129/136/162
f 106/111/137 107/112/138 131/138/164 130/137/163
f 107/112/138 108/113/139 132/139/165 131/138/164
f 108/113/139 109/114/140 133/140/166 132/139/165
f 109/114/140 110/115/141 134/141/167 133/140/166
f 110/115/141 111/116/142 135/142/168 134/141/167
f 111/116/142 112/117/143 136/143/169 135/142/168
f 112/117/143 113/118/144 137/144/170 136/143/169
f 113/118/144 114/119/145 138/145/171 137/144/170
f 114/119/145 115/120/146 139/146/172 138/145/171
f 115/120/146 116/121/147 140/147/173 139/146/172
f 116/121/147 117/122/148 141/148/174 140/147/173
f 117/122/148 118/123/149 142/149/175 141/148/174
f 118/123/149 119/124/150 143/150/176 142/149/175
f 119/124/150 120/125/151 144/151/177 143/150/176
f 120/125/151 121/126/152 145/152/178 144/151/177
f 121/126/152 122/127/153 146/153/179 145/152/178
f 122/127/153 123/128/154 147/154/180 146/153/179
f 123/128/154 124/129/155 148/155/181 147/154/180
f 124/129/155 1428/130/156 1427/156/182 148/155/181
f 1453/131/158 125/132/157 149/158/183 1452/157/184
f 125/132/157 126/133/159 150/159/185 149/158/183
f 126/133/159 127/134/160 151/160/186 150/159/185
f 127/134/160 128/135/161 152/161/187 151/160/186
f 128/135/161 129/136/162 153/162/188 152/161/187
f 129/136/162 130/137/163 154/163/189 153/162/188
f 130/137/163 131/138/164 155/164/190 154/163/189
f 131/138/164 132/139/165 156/165/191 155/164/190
f 132/139/165 133/140/166 157/166/192 156/165/191
f 133/140/166 134/141/167 158/167/193 157/166/192
f 134/141/167 135/142/168 159/168/194 158/167/193
f 135/142/168 136/143/169 160/169/195 159/168/194
f 136/143/169 137/144/170 161/170/196 160/169/195
f 137/144/170 138/145/171 162/171/197 161/170/196
f 138/145/171 139/146/172 163/172/198 162/171/197
f 139/146/172 140/147/173 164/173/199 163/172/198
f 140/147/173 141/148/174 165/174/200 164/173/199
f 141/148/174 142/149/175 166/175/201 165/174/200
f 142/149/175 143/150/176 167/176/202 166/175/201
f 143/150/176 144/151/177 168/177/203 167/176/202
f 144/151/177 145/152/178 169/178/204 168/177/203
f 145/152/178 146/153/179 170/179/205 169/178/204
f 146/153/179 147/154/180 171/180/206 170/179/205
f 147/154/180 148/155/181 172/181/207 171/180/206
f 148/155/181 1427/156/182 1426/182/208 172/181/207
f 1452/157/184 149/158/183 173/184/209 1451/183/210
f 149/158/183 150/159/185 174/185/211 173/184/209
f 150/159/185 151/160/186 175/186/212 174/185/211
f 151/160/186 152/161/187 176/187/213 175/186/212
f 152/161/187 153/162/188 177/188/214 176/187/213
f 153/162/188 154/163/189 178/189/215 177/188/214
f 154/163/189 155/164/190 179/190/216 178/189/215
f 155/164/190 156/165/191 180/191/217 179/190/216
f 156/165/191 157/166/192 181/192/218 180/191/217
f 157/166/192 158/167/193 182/193/219 181/192/218
f 158/167/193 159/168/194 183/194/220 182/193/219
f 159/168/194 160/169/195 184/195/221 183/194/220
f 160/169/195 161/170/196 185/196/222 184/195/221
f 161/170/196 162/171/197 186/197/223 185/196/222
f 162/171/197 163/172/198 187/198/224 186/197/223
f 163/172/198 164/173/199 188/199/225 187/198/224
f 164/173/199 165/174/200 189/200/226 188/199/225
f 165/174/200 166/175/201 190/201/227 189/200/226
f 166/175/201 167/176/202 191/202/228 190/201/227
f 167/176/202 168/177/203 192/203/229 191/202/228
f 168/177/203 169/178/204 193/204/230 192/203/229
f 169/178/204 170/179/205 194/205/231 193/204/230
f 170/179/205 171/180/206 195/206/232 194/205/231
f 171/180/206 172/181/207 196/207/233 195/206/232
f 172/181/207 1426/182/208 1425/208/234 196/207/233
f 1451/183/210 173/184/209 197/210/235 1450/209/236
f 173/184/209 174/185/211 198/211/237 197/210/235
f 174/185/211 175/186/212 199/212/238 198/211/237
f 175/186/212 176/187/213 200/213/239 199/212/238
f 176/187/213 177/188/214 201/214/240 200/213/239
f 177/188/214 178/189/215 202/215/241 201/214/240
f 178/189/215 179/190/216 203/216/242 202/215/241
f 179/190/216 180/191/217 204/217/243 203/216/242
f 180/191/217 181/192/218 205/218/244 204/217/243
f 181/192/218 182/193/219 206/219/245 205/218/244
f 182/193/219 183/194/220 207/220/246 206/219/245
f 183/194/220 184/195/221 208/221/247 207/220/246
f 184/195/221 185/196/222 209/222/248 208/221/247
f 185/196/222 186/197/223 210/223/249 209/222/248
f 186/197/223 187/198/224 211/224/250 210/223/249
f 187/198/224 188/199/225 212/225/251 211/224/250
f 188/199/225 189/200/226 213/226/252 212/225/251
f 189/200/226 190/201/227 214/227/253 213/226/252
f 190/201/227 191/202/228 215/228/254 214/227/253
f 191/202/228 192/203/229 216/229/255 215/228/254
f 192/203/229 193/204/230 217/230/256 216/229/255
f 193/204/230 194/205/231 218/231/257 217/230/256
f 194/205/231 195/206/232 219/232/258 218/231/257
f 195/206/232 196/207/233 220/233/259 219/232/258
f 196/207/233 1425/208/234 1424/234/260 220/233/259
f 1450/209/236 197/210/235 221/236/261 1449/235/262
f 197/210/235 198/211/237 222/237/263 221/236/261
f 198/211/237 199/212/238 223/238/264 222/237/263
f 199/212/238 200/213/239 224/239/265 223/238/264
f 200/213/239 201/214/240 225/240/266 224/239/265
f 201/214/240 202/215/241 226/241/267 225/240/266
f 202/215/241 203/216/242 227/242/268 226/241/267
f 203/216/242 204/217/243 228/243/269 227/242/268
f 204/217/243 205/218/244 229/244/270 228/243/269
f 205/218/244 206/219/245 230/245/271 229/244/270
f 206/219/245 207/220/246 231/246/272 230/245/271
f 207/220/246 208/221/247 232/247/273 231/246/272
f 208/221/247 209/222/248 233/248/274 232/247/273
f 209/222/248 210/223/249 234/249/275 233/248/274
f 210/223/249 211/224/250 235/250/276 234/249/275
f 211/224/250 212/225/251 236/251/277 235/250/276
f 212/225/251 213/226/252 237/252/278 236/251/277
f 213/226/252 214/227/253 238/253/279 237/252/278
f 214/227/253 215/228/254 239/254/280 238/253/279
f 215/228/254 216/229/255 240/255/281 239/254/280
f 216/229/255 217/230/256 241/256/282 240/255/281
f 217/230/256 218/231/257 242/257/283 241/256/282
f 218/231/257 219/232/258 243/258/284 242/257/283
f 219/232/258 220/233/259 244/259/285 243/258/284
f 220/233/259 1424/234/260 1423/260/286 244/259/285
f 1449/235/262 221/236/261 245/262/287 1448/261/288
f 221/236/261 222/237/263 246/263/289 245/262/287
f 222/237/263 223/238/264 247/264/290 246/263/289
f 223/238/264 224/239/265 248/265/291 247/264/290
f 224/239/265 225/240/266 249/266/292 248/265/291
f 225/240/266 226/241/267 250/267/293 249/266/292
f 226/241/267 227/242/268 251/268/294 250/267/293
f 227/242/268 228/243/269 252/269/295 251/268/294
f 228/243/269 229/244/270 253/270/296 252/269/295
f 229/244/270 230/245/271 254/271/297 253/270/296
f 230/245/271 231/246/272 255/272/298 254/271/297
f 231/246/272 232/247/273 256/273/299 255/272/298
f 232/247/273 233/248/274 257/274/300 256/273/299
f 233/248/274 234/249/275 258/275/301 257/274/300
f 234/249/275 235/250/276 259/276/302 258/275/301
f 235/250/276 236/251/277 260/277/303 259/276/302
f 236/251/277 237/252/278 261/278/304 260/277/303
f 237/252/278 238/253/279 262/279/305 261/278/304
f 238/253/279 239/254/280 263/280/306 262/279/305
f 239/254/280 240/255/281 264/281/307 263/280/306
f 240/255/281 241/256/282 265/282/308 264/281/307
f 241/256/282 242/257/283 266/283/309 265/282/308
f 242/257/283 243/258/284 267/284/310 266/283/309
f 243/258/284 244/259/285 268/285/311 267/284/310
f 244/259/285 1423/260/286 1422/286/312 268/285/311
f 1448/261/288 245/262/287 269/288/313 1447/287/314
f 245/262/287 246/263/289 270/289/315 269/288/313
f 246/263/289 247/264/290 271/290/316 270/289/315
f 247/264/290 248/265/291 272/291/317 271/290/316
f 248/265/291 249/266/292 273/292/318 272/291/317
f 249/266/292 250/267/293 274/293/319 273/292/318
f 250/267/293 251/268/294 275/294/320 274/293/319
f 251/268/294 252/269/295 276/295/321 275/294/320
f 252/269/295 253/270/296 277/296/322 276/295/321
f 253/270/296 254/271/297 278/297/323 277/296/322
f 254/271/297 255/272/298 279/298/324 278/297/323
f 255/272/298 256/273/299 280/299/325 279/298/324
f 256/273/299 257/274/300 281/300/326 280/299/325
f 257/274/300 258/275/301 282/301/327 281/300/326
f 258/275/301 259/276/302 283/302/328 282/301/327
f 259/276/302 260/277/303 284/303/329 283/302/328
f 260/277/303 261/278/304 285/304/330 284/303/329
f 261/278/304 262/279/305 286/305/331 285/304/330
f 262/279/305 263/280/306 287/306/332 286/305/331
f 263/280/306 264/281/307 288/307/333 287/306/332
f 264/281/307 265/282/308 289/308/334 288/307/333
f 265/282/308 266/283/309 290/309/335 289/308/334
f 266/283/309 267/284/310 291/310/336 290/309/335
f 267/284/310 268/285/311 292/311/337 291/310/336
f 268/285/311 1422/286/312 1421/312/338 292/311/337
f 1447/287/314 269/288/313 293/314/339 1446/313/340
f 269/288/313 270/289/315 294/315/341 293/314/339
f 270/289/315 271/290/316 295/316/342 294/315/341
f 271/290/316 272/291/317 296/317/343 295/316/342
f 272/291/317 273/292/318 297/318/344 296/317/343
f 273/292/318 274/293/319 298/319/345 297/318/344
f 274/293/319 275/294/320 299/320/346 298/319/345
f 275/294/320 276/295/321 300/321/347 299/320/346
f 276/295/321 277/296/322 301/322/348 300/321/347
f 277/296/322 278/297/323 302/323/349 301/322/348
f 278/297/323 279/298/324 303/324/350 302/323/349
f 279/298/324 280/299/325 304/325/351 303/324/350
f 280/299/325 281/300/326 305/326/352 304/325/351
f 281/300/326 282/301/327 306/327/353 305/326/352
f 282/301/327 283/302/328 307/328/354 306/327/353
f 283/302/328 284/303/329 308/329/355 307/328/354
f 284/303/329 285/304/330 309/330/356 308/329/355
f 285/304/330 286/305/331 310/331/357 309/330/356
f 286/305/331 287/306/332 311/332/358 310/331/357
f 287/306/332 288/307/333 312/333/359 311/332/358
f 288/307/333 289/308/334 313/334/360 312/333/359
f 289/308/334 290/309/335 314/335/361 313/334/360
f 290/309/335 291/310/336 315/336/362 314/335/361
f 291/310/336 292/311/337 316/337/363 315/336/362
f 292/311/337 1421/312/338 1420/338/364 316/337/363
f 1446/313/340 293/314/339 317/340/365 1445/339/366
f 293/314/339 294/315/341 318/341/367 317/340/365
f 294/315/341 295/316/342 319/342/368 318/341/367
f 295/316/342 296/317/343 320/343/369 319/342/368
f 296/317/343 297/318/344 321/344/370 320/343/369
f 297/318/344 298/319/345 322/345/371 321/344/370
f 298/319/345 299/320/346 323/346/372 322/345/371
f 299/320/346 300/321/347 324/347/373 323/346/372
f 300/321/347 301/322/348 325/348/374 324/347/373
f 301/322/348 302/323/349 326/349/375 325/348/374
f 302/323/349 303/324/350 327/350/376 326/349/375
f 303/324/350 304/325/351 328/351/377 327/350/376
f 304/325/351 305/326/352 329/352/378 328/351/377
f 305/326/352 306/327/353 330/353/379 329/352/378
f 306/327/353 307/328/354 331/354/380 330/353/379
f 307/328/354 308/329/355 332/355/381 331/354/380
f 308/329/355 309/330/356 333/356/382 332/355/381
f 309/330/356 310/331/357 334/357/383 333/356/382
f 310/331/357 311/332/358 335/358/384 334/357/383
f 311/332/358 312/333/359 336/359/385 335/358/384
f 312/333/359 313/334/360 337/360/386 336/359/385
f 313/334/360 314/335/361 338/361/387 337/360/386
f 314/335/361 315/336/362 339/362/388 338/361/387
f 315/336/362 316/337/363 340/363/389 339/362/388
f 316/337/363 1420/338/364 1419/364/390 340/363/389
f 1445/339/366 317/340/365 341/366/391 1444/365/392
f 317/340/365 318/341/367 342/367/393 341/366/391
f 318/341/367 319/342/368 343/368/394 342/367/393
f 319/342/368 320/343/369 344/369/395 343/368/394
f 320/343/369 321/344/370 345/370/396 344/369/395
f 321/344/370 322/345/371 346/371/397 345/370/396
f 322/345/371 323/346/372 347/372/398 346/371/397
f 323/346/372 324/347/373 348/373/399 347/372/398
f 324/347/373 325/348/374 349/374/400 348/373/399
f 325/348/374 326/349/375 350/375/401 349/374/400
f 326/349/375 327/350/376 351/376/402 350/375/401
f 327/350/376 328/351/377 352/377/403 351/376/402
f 328/351/377 329/352/378 353/378/404 352/377/403
f 329/352/378 330/353/379 354/379/405 353/378/404
f 330/353/379 331/354/380 355/380/406 354/379/405
f 331/354/380 332/355/381 356/381/407 355/380/406
f 332/355/381 333/356/382 357/382/408 356/381/407
f 333/356/382 334/357/383 358/383/409 357/382/408
f 334/357/383 335/358/384 359/384/410 358/383/409
f 335/358/384 336/359/385 360/385/411 359/384/410
f 336/359/385 337/360/386 361/386/412 360/385/411
f 337/360/386 338/361/387 362/387/413 361/386/412
f 338/361/387 339/362/388 363/388/414 362/387/413
f 339/362/388 340/363/389 364/389/415 363/388/414
f 340/363/389 1419/364/390 1418/390/416 364/389/415
f 1444/365/392 341/366/391 365/392/417 1443/391/418
f 341/366/391 342/367/393 366/393/419 365/392/417
f 342/367/393 343/368/394 367/394/420 366/393/419
f 343/368/394 344/369/395 368/395/421 367/394/420
f 344/369/395 345/370/396 369/396/422 368/395/421
f 345/370/396 346/371/397 370/397/423 369/396/422
f 346/371/397 347/372/398 371/398/424 370/397/423
f 347/372/398 348/373/399 372/399/425 371/398/424
f 348/373/399 349/374/400 373/400/426 372/399/425
f 349/374/400 350/375/401 374/401/427 373/400/426
f 350/375/401 351/376/402 375/402/428 374/401/427
f 351/376/402 352/377/403 376/403/429 375/402/428
f 352/377/403 353/378/404 377/404/430 376/403/429
f 353/378/404 354/379/405 378/405/431 377/404/430
f 354/379/405 355/380/406 379/406/432 378/405/431
f 355/380/406 356/381/407 380/407/433 379/406/432
f 356/381/407 357/382/408 381/408/434 380/407/433
f 357/382/408 358/383/409 382/409/435 381/408/434
f 358/383/409 359/384/410 383/410/436 382/409/435
f 359/384/410 360/385/411 384/411/437 383/410/436
f 360/385/411 361/386/412 385/412/438 384/411/437
f 361/386/412 362/387/413 386/413/439 385/412/438
f 362/387/413 363/388/414 387/414/440 386/413/439
f 363/388/414 364/389/415 388/415/441 387/414/440
f 364/389/415 1418/390/416 1417/416/442 388/415/441
f 1443/391/418 365/392/417 389/418/443 1442/417/444
f 365/392/417 366/393/419 390/419/445 389/418/443
f 366/393/419 367/394/420 391/420/446 390/419/445
f 367/394/420 368/395/421 392/421/447 391/420/446
f 368/395/421 369/396/422 393/422/448 392/421/447
f 369/396/422 370/397/423 394/423/449 393/422/448
f 370/397/423 371/398/424 395/424/450 394/423/449
f 371/398/424 372/399/425 396/425/451 395/424/450
f 372/399/425 373/400/426 397/426/452 396/425/451
f 373/400/426 374/401/427 398/427/453 397/426/452
f 374/401/427 375/402/428 399/428/454 398/427/453
f 375/402/428 376/403/429 400/429/455 399/428/454
f 376/403/429 377/404/430 401/430/456 400/429/455
f 377/404/430 378/405/431 402/431/457 401/430/456
f 378/405/431 379/406/432 403/432/458 402/431/457
f 379/406/432 380/407/433 404/433/459 403/432/458
f 380/407/433 381/408/434 405/434/460 404/433/459
f 381/408/434 382/409/435 406/435/461 405/434/460
f 382/409/435 383/410/436 407/436/462 406/435/461
f 383/410/436 384/411/437 408/437/463 407/436/462
f 384/411/437 385/412/438 409/438/464 408/437/463
f 385/412/438 386/413/439 410/439/465 409/438/464
f 386/413/439 387/414/440 411/440/466 410/439/465
f 387/414/440 388/415/441 412/441/467 411/440/466
f 388/415/441 1417/416/442 1416/442/468 412/441/467
f 1442/417/444 389/418/443 413/444/469 1441/443/470
f 389/418/443 390/419/445 414/445/471 413/444/469
f 390/419/445 391/420/446 415/446/472 414/445/471
f 391/420/446 392/421/447 416/447/473 415/446/472
f 392/421/447 393/422/448 417/448/474 416/447/473
f 393/422/448 394/423/449 418/449/475 417/448/474
f 394/423/449 395/424/450 419/450/476 418/449/475
f 395/424/450 396/425/451 420/451/477 419/450/476
f 396/425/451 397/426/452 421/452/478 420/451/477
f 397/426/452 398/427/453 422/453/479 421/452/478
f 398/427/453 399/428/454 423/454/480 422/453/479
f 399/428/454 400/429/455 424/455/481 423/454/480
f 400/429/455 401/430/456 425/456/482 424/455/481
f 401/430/456 402/431/457 426/457/483 425/456/482
f 402/431/457 403/432/458 427/458/484 426/457/483
f 403/432/458 404/433/459 428/459/485 427/458/484
f 404/433/459 405/434/460 429/460/486 428/459/485
f 405/434/460 406/435/461 430/461/487 429/460/486
f 406/435/461 407/436/462 431/462/488 430/461/487
f 407/436/462 408/437/463 432/463/489 431/462/488
f 408/437/463 409/438/464 433/464/490 432/463/489
f 409/438/464 410/439/465 434/465/491 433/464/490
f 410/439/465 411/440/466 435/466/492 434/465/491
f 411/440/466 412/441/467 436/467/493 435/466/492
f 412/441/467 1416/442/468 1415/468/494 436/467/493
f 1441/443/470 413/444/469 437/470/495 1440/469/496
f 413/444/469 414/445/471 438/471/497 437/470/495
f 414/445/471 415/446/472 439/472/498 438/471/497
f 415/446/472 416/447/473 440/473/499 439/472/498
f 416/447/473 417/448/474 441/474/500 440/473/499
f 417/448/474 418/449/475 442/475/501 441/474/500
f 418/449/475 419/450/476 443/476/502 442/475/501
f 419/450/476 420/451/477 444/477/503 443/476/502
f 420/451/477 421/452/478 445/478/504 444/477/503
f 421/452/478 422/453/479 446/479/505 445/478/504
f 422/453/479 423/454/480 447/480/506 446/479/505
f 423/454/480 424/455/481 448/481/507 447/480/506
f 424/455/481 425/456/482 449/482/508 448/481/507
f 425/456/482 426/457/483 450/483/509 449/482/508
f 426/457/483 427/458/484 451/484/510 450/483/509
f 427/458/484 428/459/485 452/485/511 451/484/510
f 428/459/485 429/460/486 453/486/512 452/485/511
f 429/460/486 430/461/487 454/487/513 453/486/512
f 430/461/487 431/462/488 455/488/514 454/487/513
f 431/462/488 432/463/489 456/489/515 455/488/514
f 432/463/489 433/464/490 457/490/516 456/489/515
f 433/464/490 434/465/491 458/491/517 457/490/516
f 434/465/491 435/466/492 459/492/518 458/491/517
f 435/466/492 436/467/493 460/493/519 459/492/518
f 436/467/493 1415/468/494 1414/494/520 460/493/519
f 1440/469/496 437/470/495 461/495/521 1439/519/522
f 437/470/495 438/471/497 462/496/523 461/495/521
f 438/471/497 439/472/498 463/497/524 462/496/523
f 439/472/498 440/473/499 464/498/525 463/497/524
f 440/473/499 441/474/500 465/499/526 464/498/525
f 441/474/500 442/475/501 466/500/527 465/499/526
f 442/475/501 443/476/502 467/501/528 466/500/527
f 443/476/502 444/477/503 468/502/529 467/501/528
f 444/477/503 445/478/504 469/503/530 468/502/529
f 445/478/504 446/479/505 470/504/531 469/503/530
f 446/479/505 447/480/506 471/505/532 470/504/531
f 447/480/506 448/481/507 472/506/533 471/505/532
f 448/481/507 449/482/508 473/507/534 472/506/533
f 449/482/508 450/483/509 474/508/535 473/507/534
f 450/483/509 451/484/510 475/509/536 474/508/535
f 451/484/510 452/485/511 476/510/537 475/509/536
f 452/485/511 453/486/512 477/511/538 476/510/537
f 453/486/512 454/487/513 478/512/539 477/511/538
f 454/487/513 455/488/514 479/513/540 478/512/539
f 455/488/514 456/489/515 480/514/541 479/513/540
f 456/489/515 457/490/516 481/515/542 480/514/541
f 457/490/516 458/491/517 482/516/543 481/515/542
f 458/491/517 459/492/518 483/517/544 482/516/543
f 459/492/518 460/493/519 484/518/545 483/517/544
f 460/493/519 1414/494/520 1413/520/546 484/518/545
f 1439/519/522 461/495/521 485/522/547 1438/521/548
f 461/495/521 462/496/523 486/523/549 485/522/547
f 462/496/523 463/497/524 487/524/550 486/523/549
f 463/497/524 464/498/525 488/525/551 487/524/550
f 464/498/525 465/499/526 489/526/552 488/525/551
f 465/499/526 466/500/527 490/527/553 489/526/552
f 466/500/527 467/501/528 491/528/554 490/527/553
f 467/501/528 468/502/529 492/529/555 491/528/554
f 468/502/529 469/503/530 493/530/556 492/529/555
f 469/503/530 470/504/531 494/531/557 493/530/556
f 470/504/531 471/505/532 495/532/558 494/531/557
f 471/505/532 472/506/533 496/533/559 495/532/558
f 472/506/533 473/507/534 497/534/560 496/533/559
f 473/507/534 474/508/535 498/535/561 497/534/560
f 474/508/535 475/509/536 499/536/562 498/535/561
f 475/509/536 476/510/537 500/537/563 499/536/562
f 476/510/537 477/511/538 501/538/564 500/537/563
f 477/511/538 478/512/539 502/539/565 501/538/564
f 478/512/539 479/513/540 503/540/566 502/539/565
f 479/513/540 480/514/541 504/541/567 503/540/566
f 480/514/541 481/515/542 505/542/568 504/541/567
f 481/515/542 482/516/543 506/543/569 505/542/568
f 482/516/543 483/517/544 507/544/570 506/543/569
f 483/517/544 484/518/545 508/545/571 507/544/570
f 484/518/545 1413/520/546 1412/546/572 508/545/571
f 1438/521/548 485/522/547 509/548/573 1437/547/574
f 485/522/547 486/523/549 510/549/575 509/548/573
f 486/523/549 487/524/550 511/550/576 510/549/575
f 487/524/550 488/525/551 512/551/577 511/550/576
f 488/525/551 489/526/552 513/552/578 512/551/577
f 489/526/552 490/527/553 514/553/579 513/552/578
f 490/527/553 491/528/554 515/554/580 514/553/579
f 491/528/554 492/529/555 516/555/581 515/554/580
f 492/529/555 493/530/556 517/556/582 516/555/581
f 493/530/556 494/531/557 518/557/583 517/556/582
f 494/531/557 495/532/558 519/558/584 518/557/583
f 495/532/558 496/533/559 520/559/585 519/558/584
f 496/533/559 497/534/560 521/560/586 520/559/585
f 497/534/560 498/535/561 522/561/587 521/560/586
f 498/535/561 499/536/562 523/562/588 522/561/587
f 499/536/562 500/537/563 524/563/589 523/562/588
f 500/537/563 501/538/564 525/564/590 524/563/589
f 501/538/564 502/539/565 526/565/591 525/564/590
f 502/539/565 503/540/566 527/566/592 526/565/591
f 503/540/566 504/541/567 528/567/593 527/566/592
f 504/541/567 505/542/568 529/568/594 528/567/593
f 505/542/568 506/543/569 530/569/595 529/568/594
f 506/543/569 507/544/570 531/570/596 530/569/595
f 507/544/570 508/545/571 532/571/597 531/570/596
f 508/545/571 1412/546/572 1411/572/598 532/571/597
f 1437/547/574 509/548/573 533/574/599 1436/573/600
f 509/548/573 510/549/575 534/575/601 533/574/599
f 510/549/575 511/550/576 535/576/602 534/575/601
f 511/550/576 512/551/577 536/577/603 535/576/602
f 512/551/577 513/552/578 537/578/604 536/577/603
f 513/552/578 514/553/579 538/579/605 537/578/604
f 514/553/579 515/554/580 539/580/606 538/579/605
f 515/554/580 516/555/581 540/581/607 539/580/606
f 516/555/581 517/556/582 541/582/608 540/581/607
f 517/556/582 518/557/583 542/583/609 541/582/608
f 518/557/583 519/558/584 543/584/610 542/583/609
f 519/558/584 520/559/585 544/585/611 543/584/610
f 520/559/585 521/560/586 545/586/612 544/585/611
f 521/560/586 522/561/587 546/587/613 545/586/612
f 522/561/587 523/562/588 547/588/614 546/587/613
f 523/562/588 524/563/589 548/589/615 547/588/614
f 524/563/589 525/564/590 549/590/616 548/589/615
f 525/564/590 526/565/591 550/591/617 549/590/616
f 526/565/591 527/566/592 551/592/618 550/591/617
f 527/566/592 528/567/593 552/593/619 551/592/618
f 528/567/593 529/568/594 553/594/620 552/593/619
f 529/568/594 530/569/595 554/595/621 553/594/620
f 530/569/595 531/570/596 555/596/622 554/595/621
f 531/570/596 532/571/597 556/597/623 555/596/622
f 532/571/597 1411/572/598 1410/598/624 556/597/623
f 1436/573/600 533/574/599 557/600/625 1435/599/626
f 533/574/599 534/575/601 558/601/627 557/600/625
f 534/575/601 535/576/602 559/602/628 558/601/627
f 535/576/602 536/577/603 560/603/629 559/602/628
f 536/577/603 537/578/604 561/604/630 560/603/629
f 537/578/604 538/579/605 562/605/631 561/604/630
f 538/579/605 539/580/606 563/606/632 562/605/631
f 539/580/606 540/581/607 564/607/633 563/606/632
f 540/581/607 541/582/608 565/608/634 564/607/633
f 541/582/608 542/583/609 566/609/635 565/608/634
f 542/583/609 543/584/610 567/610/636 566/609/635
f 543/584/610 544/585/611 568/611/637 567/610/636
f 544/585/611 545/586/612 569/612/638 568/611/637
f 545/586/612 546/587/613 570/613/639 569/612/638
f 546/587/613 547/588/614 571/614/640 570/613/639
f 547/588/614 548/589/615 572/615/641 571/614/640
f 548/589/615 549/590/616 573/616/642 572/615/641
f 549/590/616 550/591/617 574/617/643 573/616/642
f 550/591/617 551/592/618 575/618/644 574/617/643
f 551/592/618 552/593/619 576/619/645 575/618/644
f 552/593/619 553/594/620 577/620/646 576/619/645
f 553/594/620 554/595/621 578/621/647 577/620/646
f 554/595/621 555/596/622 579/622/648 578/621/647
f 555/596/622 556/597/623 580/623/649 579/622/648
f 556/597/623 1410/598/624 1409/624/650 580/623/649
f 1435/599/626 557/600/625 581/626/651 1434/625/652
f 557/600/625 558/601/627 582/627/653 581/626/651
f 558/601/627 559/602/628 583/628/654 582/627/653
f 559/602/628 560/603/629 584/629/655 583/628/654
f 560/603/629 561/604/630 585/630/656 584/629/655
f 561/604/630 562/605/631 586/631/657 585/630/656
f 562/605/631 563/606/632 587/632/658 586/631/657
f 563/606/632 564/607/633 588/633/659 587/632/658
f 564/607/633 565/608/634 589/634/660 588/633/659
f 565/608/634 566/609/635 590/635/661 589/634/660
f 566/609/635 567/610/636 591/636/662 590/635/661
f 567/610/636 568/611/637 592/637/663 591/636/662
f 568/611/637 569/612/638 593/638/664 592/637/663
f 569/612/638 570/613/639 594/639/665 593/638/664
f 570/613/639 571/614/640 595/640/666 594/639/665
f 571/614/640 572/615/641 596/641/667 595/640/666
f 572/615/641 573/616/642 597/642/668 596/641/667
f 573/616/642 574/617/643 598/643/669 597/642/668
f 574/617/643 575/618/644 599/644/670 598/643/669
f 575/618/644 576/619/645 600/645/671 599/644/670
f 576/619/645 577/620/646 601/646/672 600/645/671
f 577/620/646 578/621/647 602/647/673 601/646/672
f 578/621/647 579/622/648 603/648/674 602/647/673
f 579/622/648 580/623/649 604/649/675 603/648/674
f 580/623/649 1409/624/650 1408/650/676 604/649/675
f 1434/625/652 581/626/651 605/652/677 1433/651/678
f 581/626/651 582/627/653 606/653/679 605/652/677
f 582/627/653 583/628/654 607/654/680 606/653/679
f 583/628/654 584/629/655 608/655/681 607/654/680
f 584/629/655 585/630/656 609/656/682 608/655/681
f 585/630/656 586/631/657 610/657/683 609/656/682
f 586/631/657 587/632/658 611/658/684 610/657/683
f 587/632/658 588/633/659 612/659/685 611/658/684
f 588/633/659 589/634/660 613/660/686 612/659/685
f 589/634/660 590/635/661 614/661/687 613/660/686
f 590/635/661 591/636/662 615/662/688 614/661/687
f 591/636/662 592/637/663 616/663/689 615/662/688
f 592/637/663 593/638/664 617/664/690 616/663/689
f 593/638/664 594/639/665 618/665/691 617/664/690
f 594/639/665 595/640/666 619/666/692 618/665/691
f 595/640/666 596/641/667 620/667/693 619/666/692
f 596/641/667 597/642/668 621/668/694 620/667/693
f 597/642/668 598/643/669 622/669/695 621/668/694
f 598/643/669 599/644/670 623/670/696 622/669/695
f 599/644/670 600/645/671 624/671/697 623/670/696
f 600/645/671 601/646/672 625/672/698 624/671/697
f 601/646/672 602/647/673 626/673/699 625/672/698
f 602/647/673 603/648/674 627/674/700 626/673/699
f 603/648/674 604/649/675 628/675/701 627/674/700
f 604/649/675 1408/650/676 1407/676/702 628/675/701
f 1433/651/678 605/652/677 629/678/703 1432/677/704
f 605/652/677 606/653/679 630/679/705 629/678/703
f 606/653/679 607/654/680 631/680/706 630/679/705
f 607/654/680 608/655/681 632/681/707 631/680/706
f 608/655/681 609/656/682 633/682/708 632/681/707
f 609/656/682 610/657/683 634/683/709 633/682/708
f 610/657/683 611/658/684 635/684/710 634/683/709
f 611/658/684 612/659/685 636/685/711 635/684/710
f 612/659/685 613/660/686 637/686/712 636/685/711
f 613/660/686 614/661/687 638/687/713 637/686/712
f 614/661/687 615/662/688 639/688/714 638/687/713
f 615/662/688 616/663/689 640/689/715 639/688/714
f 616/663/689 617/664/690 641/690/716 640/689/715
f 617/664/690 618/665/691 642/691/717 641/690/716
f 618/665/691 619/666/692 643/692/718 642/691/717
f 619/666/692 620/667/693 644/693/719 643/692/718
f 620/667/693 621/668/694 645/694/720 644/693/719
f 621/668/694 622/669/695 646/695/721 645/694/720
f 622/669/695 623/670/696 647/696/722 646/695/721
f 623/670/696 624/671/697 648/697/723 647/696/722
f 624/671/697 625/672/698 649/698/724 648/697/723
f 625/672/698 626/673/699 650/699/725 649/698/724
f 626/673/699 627/674/700 651/700/726 650/699/725
f 627/674/700 628/675/701 652/701/727 651/700/726
f 628/675/701 1407/676/702 1406/702/728 652/701/727
f 1432/677/704 629/678/703 653/704/729 1431/703/730
f 629/678/703 630/679/705 654/705/731 653/704/729
f 630/679/705 631/680/706 655/706/732 654/705/731
f 631/680/706 632/681/707 656/707/733 655/706/732
f 632/681/707 633/682/708 657/708/734 656/707/733
f 633/682/708 634/683/709 658/709/735 657/708/734
f 634/683/709 635/684/710 659/710/736 658/709/735
f 635/684/710 636/685/711 660/711/737 659/710/736
f 636/685/711 637/686/712 661/712/738 660/711/737
f 637/686/712 638/687/713 662/713/739 661/712/738
f 638/687/713 639/688/714 663/714/740 662/713/739
f 639/688/714 640/689/715 664/715/741 663/714/740
f 640/689/715 641/690/716 665/716/742 664/715/741
f 641/690/716 642/691/717 666/717/743 665/716/742
f 642/691/717 643/692/718 667/718/744 666/717/743
f 643/692/718 644/693/719 668/719/745 667/718/744
f 644/693/719 645/694/720 669/720/746 668/719/745
f 645/694/720 646/695/721 670/721/747 669/720/746
f 646/695/721 647/696/722 671/722/748 670/721/747
f 647/696/722 648/697/723 672/723/749 671/722/748
f 648/697/723 649/698/724 673/724/750 672/723/749
f 649/698/724 650/699/725 674/725/751 673/724/750
f 650/699/725 651/700/726 675/726/752 674/725/751
f 651/700/726 652/701/727 676/727/753 675/726/752
f 652/701/727 1406/702/728 1405/728/754 676/727/753
f 1431/703/730 653/704/729 678/730/755 677/729/756
f 653/704/729 654/705/731 679/731/757 678/730/755
f 654/705/731 655/706/732 680/732/758 679/731/757
f 655/706/732 656/707/733 681/733/759 680/732/758
f 656/707/733 657/708/734 682/734/760 681/733/759
f 657/708/734 658/709/735 683/735/761 682/734/760
f 658/709/735 659/710/736 684/736/762 683/735/761
f 659/710/736 660/711/737 685/737/763 684/736/762
f 660/711/737 661/712/738 686/738/764 685/737/763
f 661/712/738 662/713/739 687/739/765 686/738/764
f 662/713/739 663/714/740 688/740/766 687/739/765
f 663/714/740 664/715/741 689/741/767 688/740/766
f 664/715/741 665/716/742 690/742/768 689/741/767
f 665/716/742 666/717/743 691/743/769 690/742/768
f 666/717/743 667/718/744 692/744/770 691/743/769
f 667/718/744 668/719/745 693/745/771 692/744/770
f 668/719/745 669/720/746 694/746/772 693/745/771
f 669/720/746 670/721/747 695/747/773 694/746/772
f 670/721/747 671/722/748 696/748/774 695/747/773
f 671/722/748 672/723/749 697/749/775 696/748/774
f 672/723/749 673/724/750 698/750/776 697/749/775
f 673/724/750 674/725/751 699/751/777 698/750/776
f 674/725/751 675/726/752 700/752/778 699/751/777
f 675/726/752 676/727/753 701/753/779 700/752/778
f 676/727/753 1405/728/754 702/754/780 701/753/779
s 3
f 677/729/781 678/730/782 704/756/783 703/755/784
f 678/730/782 679/731/785 705/757/786 704/756/783
f 679/731/785 680/732/787 706/758/788 705/757/786
f 680/732/787 681/733/789 707/759/790 706/758/788
f 681/733/789 682/734/791 708/760/792 707/759/790
f 682/734/791 683/735/793 709/761/794 708/760/792
f 683/735/793 684/736/795 710/762/796 709/761/794
f 684/736/795 685/737/797 711/763/798 710/762/796
f 685/737/797 686/738/799 712/764/800 711/763/798
f 686/738/799 687/739/801 713/765/802 712/764/800
f 687/739/801 688/740/803 714/766/804 713/765/802
f 688/740/803 689/741/805 715/767/806 714/766/804
f 689/741/805 690/742/807 716/768/808 715/767/806
f 690/742/807 691/743/809 717/769/810 716/768/808
f 691/743/809 692/744/811 718/770/812 717/769/810
f 692/744/811 693/745/813 719/771/814 718/770/812
f 693/745/813 694/746/815 720/772/816 719/771/814
f 694/746/815 695/747/817 721/773/818 720/772/816
f 695/747/817 696/748/819 722/774/820 721/773/818
f 696/748/819 697/749/821 723/775/822 722/774/820
f 697/749/821 698/750/823 724/776/824 723/775/822
f 698/750/823 699/751/825 725/777/826 724/776/824
f 699/751/825 700/752/827 726/778/828 725/777/826
f 700/752/827 701/753/829 727/779/830 726/778/828
f 701/753/829 702/754/831 728/780/832 727/779/830
s 4
f 703/755/833 704/756/834 730/782/835 729/781/836
f 704/756/834 705/757/837 731/783/838 730/782/835
f 705/757/837 706/758/839 732/784/840 731/783/838
f 706/758/839 707/759/841 733/785/842 732/784/840
f 707/759/841 708/760/843 734/786/844 733/785/842
f 708/760/843 709/761/845 735/787/846 734/786/844
f 709/761/845 710/762/847 736/788/848 735/787/846
f 710/762/847 711/763/849 737/789/850 736/788/848
f 711/763/849 712/764/851 738/790/852 737/789/850
f 712/764/851 713/765/853 739/791/854 738/790/852
f 713/765/853 714/766/855 740/792/856 739/791/854
f 714/766/855 715/767/857 741/793/858 740/792/856
f 715/767/857 716/768/859 742/794/860 741/793/858
f 716/768/859 717/769/861 743/795/862 742/794/860
f 717/769/861 718/770/863 744/796/864 743/795/862
f 718/770/863 719/771/865 745/797/866 744/796/864
f 719/771/865 720/772/867 746/798/868 745/797/866
f 720/772/867 721/773/869 747/799/870 746/798/868
f 721/773/869 722/774/871 748/800/872 747/799/870
f 722/774/871 723/775/873 749/801/874 748/800/872
f 723/775/873 724/776/875 750/802/876 749/801/874
f 724/776/875 725/777/877 751/803/878 750/802/876
f 725/777/877 726/778/879 752/804/880 751/803/878
f 726/778/879 727/779/881 753/805/882 752/804/880
f 727/779/881 728/780/883 754/806/884 753/805/882
f 729/781/836 730/782/835 756/808/885 755/807/886
f 730/782/835 731/783/838 757/809/887 756/808/885
f 731/783/838 732/784/840 758/810/888 757/809/887
f 732/784/840 733/785/842 759/811/889 758/810/888
f 733/785/842 734/786/844 760/812/890 759/811/889
f 734/786/844 735/787/846 761/813/891 760/812/890
f 735/787/846 736/788/848 762/814/892 761/813/891
f 736/788/848 737/789/850 763/815/893 762/814/892
f 737/789/850 738/790/852 764/816/894 763/815/893
f 738/790/852 739/791/854 765/817/895 764/816/894
f 739/791/854 740/792/856 766/818/896 765/817/895
f 740/792/856 741/793/858 767/819/897 766/818/896
f 741/793/858 742/794/860 768/820/898 767/819/897
f 742/794/860 743/795/862 769/821/899 768/820/898
f 743/795/862 744/796/864 770/822/900 769/821/899
f 744/796/864 745/797/866 771/823/901 770/822/900
f 745/797/866 746/798/868 772/824/902 771/823/901
f 746/798/868 747/799/870 773/825/903 772/824/902
f 747/799/870 748/800/872 774/826/904 773/825/903
f 748/800/872 749/801/874 775/827/905 774/826/904
f 749/801/874 750/802/876 776/828/906 775/827/905
f 750/802/876 751/803/878 777/829/907 776/828/906
f 751/803/878 752/804/880 778/830/908 777/829/907
f 752/804/880 753/805/882 779/831/909 778/830/908
f 753/805/882 754/806/884 780/832/910 779/831/909
f 755/807/886 756/808/885 782/834/911 781/833/912
f 756/808/885 757/809/887 783/835/913 782/834/911
f 757/809/887 758/810/888 784/836/914 783/835/913
f 758/810/888 759/811/889 785/837/915 784/836/914
f 759/811/889 760/812/890 786/838/916 785/837/915
f 760/812/890 761/813/891 787/839/917 786/838/916
f 761/813/891 762/814/892 788/840/918 787/839/917
f 762/814/892 763/815/893 789/841/919 788/840/918
f 763/815/893 764/816/894 790/842/920 789/841/919
f 764/816/894 765/817/895 791/843/921 790/842/920
f 765/817/895 766/818/896 792/844/922 791/843/921
f 766/818/896 767/819/897 793/845/923 792/844/922
f 767/819/897 768/820/898 794/846/924 793/845/923
f 768/820/898 769/821/899 795/847/925 794/846/924
f 769/821/899 770/822/900 796/848/926 795/847/925
f 770/822/900 771/823/901 797/849/927 796/848/926
f 771/823/901 772/824/902 798/850/928 797/849/927
f 772/824/902 773/825/903 799/851/929 798/850/928
f 773/825/903 774/826/904 800/852/930 799/851/929
f 774/826/904 775/827/905 801/853/931 800/852/930
f 775/827/905 776/828/906 802/854/932 801/853/931
f 776/828/906 777/829/907 803/855/933 802/854/932
f 777/829/907 778/830/908 804/856/934 803/855/933
f 778/830/908 779/831/909 805/857/935 804/856/934
f 779/831/909 780/832/910 806/858/936 805/857/935
f 781/833/912 782/834/911 808/860/937 807/859/938
f 782/834/911 783/835/913 809/861/939 808/860/937
f 783/835/913 784/836/914 810/862/940 809/861/939
f 784/836/914 785/837/915 811/863/941 810/862/940
f 785/837/915 786/838/916 812/864/942 811/863/941
f 786/838/916 787/839/917 813/865/943 812/864/942
f 787/839/917 788/840/918 814/866/944 813/865/943
f 788/840/918 789/841/919 815/867/945 814/866/944
f 789/841/919 790/842/920 816/868/946 815/867/945
f 790/842/920 791/843/921 817/869/947 816/868/946
f 791/843/921 792/844/922 818/870/948 817/869/947
f 792/844/922 793/845/923 819/871/949 818/870/948
f 793/845/923 794/846/924 820/872/950 819/871/949
f 794/846/924 795/847/925 821/873/951 820/872/950
f 795/847/925 796/848/926 822/874/952 821/873/951
f 796/848/926 797/849/927 823/875/953 822/874/952
f 797/849/927 798/850/928 824/876/954 823/875/953
f 798/850/928 799/851/929 825/877/955 824/876/954
f 799/851/929 800/852/930 826/878/956 825/877/955
f 800/852/930 801/853/931 827/879/957 826/878/956
f 801/853/931 802/854/932 828/880/958 827/879/957
f 802/854/932 803/855/933 829/881/959 828/880/958
f 803/855/933 804/856/934 830/882/960 829/881/959
f 804/856/934 805/857/935 831/883/961 830/882/960
f 805/857/935 806/858/936 832/884/962 831/883/961
f 807/859/938 808/860/937 834/886/963 833/885/964
f 808/860/937 809/861/939 835/887/965 834/886/963
f 809/861/939 810/862/940 836/888/966 835/887/965
f 810/862/940 811/863/941 837/889/967 836/888/966
f 811/863/941 812/864/942 838/890/968 837/889/967
f 812/864/942 813/865/943 839/891/969 838/890/968
f 813/865/943 814/866/944 840/892/970 839/891/969
f 814/866/944 815/867/945 841/893/971 840/892/970
f 815/867/945 816/868/946 842/894/972 841/893/971
f 816/868/946 817/869/947 843/895/973 842/894/972
f 817/869/947 818/870/948 844/896/974 843/895/973
f 818/870/948 819/871/949 845/897/975 844/896/974
f 819/871/949 820/872/950 846/898/976 845/897/975
f 820/872/950 821/873/951 847/899/977 846/898/976
f 821/873/951 822/874/952 848/900/978 847/899/977
f 822/874/952 823/875/953 849/901/979 848/900/978
f 823/875/953 824/876/954 850/902/980 849/901/979
f 824/876/954 825/877/955 851/903/981 850/902/980
f 825/877/955 826/878/956 852/904/982 851/903/981
f 826/878/956 827/879/957 853/905/983 852/904/982
f 827/879/957 828/880/958 854/906/984 853/905/983
f 828/880/958 829/881/959 855/907/985 854/906/984
f 829/881/959 830/882/960 856/908/986 855/907/985
f 830/882/960 831/883/961 857/909/987 856/908/986
f 831/883/961 832/884/962 858/910/988 857/909/987
f 833/885/964 834/886/963 860/912/989 859/911/990
f 834/886/963 835/887/965 861/913/991 860/912/989
f 835/887/965 836/888/966 862/914/992 861/913/991
f 836/888/966 837/889/967 863/915/993 862/914/992
f 837/889/967 838/890/968 864/916/994 863/915/993
f 838/890/968 839/891/969 865/917/995 864/916/994
f 839/891/969 840/892/970 866/918/996 865/917/995
f 840/892/970 841/893/971 867/919/997 866/918/996
f 841/893/971 842/894/972 868/920/998 867/919/997
f 842/894/972 843/895/973 869/921/999 868/920/998
f 843/895/973 844/896/974 870/922/1000 869/921/999
f 844/896/974 845/897/975 871/923/1001 870/922/1000
f 845/897/975 846/898/976 872/924/1002 871/923/1001
f 846/898/976 847/899/977 873/925/1003 872/924/1002
f 847/899/977 848/900/978 874/926/1004 873/925/1003
f 848/900/978 849/901/979 875/927/1005 874/926/1004
f 849/901/979 850/902/980 876/928/1006 875/927/1005
f 850/902/980 851/903/981 877/929/1007 876/928/1006
f 851/903/981 852/904/982 878/930/1008 877/929/1007
f 852/904/982 853/905/983 879/931/1009 878/930/1008
f 853/905/983 854/906/984 880/932/1010 879/931/1009
f 854/906/984 855/907/985 881/933/1011 880/932/1010
f 855/907/985 856/908/986 882/934/1012 881/933/1011
f 856/908/986 857/909/987 883/935/1013 882/934/1012
f 857/909/987 858/910/988 884/936/1014 883/935/1013
f 859/911/990 860/912/989 886/938/1015 885/937/1016
f 860/912/989 861/913/991 887/939/1017 886/938/1015
f 861/913/991 862/914/992 888/940/1018 887/939/1017
f 862/914/992 863/915/993 889/941/1019 888/940/1018
f 863/915/993 864/916/994 890/942/1020 889/941/1019
f 864/916/994 865/917/995 891/943/1021 890/942/1020
f 865/917/995 866/918/996 892/944/1022 891/943/1021
f 866/918/996 867/919/997 893/945/1023 892/944/1022
f 867/919/997 868/920/998 894/946/1024 893/945/1023
f 868/920/998 869/921/999 895/947/1025 894/946/1024
f 869/921/999 870/922/1000 896/948/1026 895/947/1025
f 870/922/1000 871/923/1001 897/949/1027 896/948/1026
f 871/923/1001 872/924/1002 898/950/1028 897/949/1027
f 872/924/1002 873/925/1003 899/951/1029 898/950/1028
f 873/925/1003 874/926/1004 900/952/1030 899/951/1029
f 874/926/1004 875/927/1005 901/953/1031 900/952/1030
f 875/927/1005 876/928/1006 902/954/1032 901/953/1031
f 876/928/1006 877/929/1007 903/955/1033 902/954/1032
f 877/929/1007 878/930/1008 904/956/1034 903/955/1033
f 878/930/1008 879/931/1009 905/957/1035 904/956/1034
f 879/931/1009 880/932/1010 906/958/1036 905/957/1035
f 880/932/1010 881/933/1011 907/959/1037 906/958/1036
f 881/933/1011 882/934/1012 908/960/1038 907/959/1037
f 882/934/1012 883/935/1013 909/961/1039 908/960/1038
f 883/935/1013 884/936/1014 910/962/1040 909/961/1039
f 885/937/1016 886/938/1015 912/964/1041 911/963/1042
f 886/938/1015 887/939/1017 913/965/1043 912/964/1041
f 887/939/1017 888/940/1018 914/966/1044 913/965/1043
f 888/940/1018 889/941/1019 915/967/1045 914/966/1044
f 889/941/1019 890/942/1020 916/968/1046 915/967/1045
f 890/942/1020 891/943/1021 917/969/1047 916/968/1046
f 891/943/1021 892/944/1022 918/970/1048 917/969/1047
f 892/944/1022 893/945/1023 919/971/1049 918/970/1048
f 893/945/1023 894/946/1024 920/972/1050 919/971/1049
f 894/946/1024 895/947/1025 921/973/1051 920/972/1050
f 895/947/1025 896/948/1026 922/974/1052 921/973/1051
f 896/948/1026 897/949/1027 923/975/1053 922/974/1052
f 897/949/1027 898/950/1028 924/976/1054 923/975/1053
f 898/950/1028 899/951/1029 925/977/1055 924/976/1054
f 899/951/1029 900/952/1030 926/978/1056 925/977/1055
f 900/952/1030 901/953/1031 927/979/1057 926/978/1056
f 901/953/1031 902/954/1032 928/980/1058 927/979/1057
f 902/954/1032 903/955/1033 929/981/1059 928/980/1058
f 903/955/1033 904/956/1034 930/982/1060 929/981/1059
f 904/956/1034 905/957/1035 931/983/1061 930/982/1060
f 905/957/1035 906/958/1036 932/984/1062 931/983/1061
f 906/958/1036 907/959/1037 933/985/1063 932/984/1062
f 907/959/1037 908/960/1038 934/986/1064 933/985/1063
f 908/960/1038 909/961/1039 935/987/1065 934/986/1064
f 909/961/1039 910/962/1040 936/988/1066 935/987/1065
f 911/963/1042 912/964/1041 938/990/1067 937/989/1068
f 912/964/1041 913/965/1043 939/991/1069 938/990/1067
f 913/965/1043 914/966/1044 940/992/1070 939/991/1069
f 914/966/1044 915/967/1045 941/993/1071 940/992/1070
f 915/967/1045 916/968/1046 942/994/1072 941/993/1071
f 916/968/1046 917/969/1047 943/995/1073 942/994/1072
f 917/969/1047 918/970/1048 944/996/1074 943/995/1073
f 918/970/1048 919/971/1049 945/997/1075 944/996/1074
f 919/971/1049 920/972/1050 946/998/1076 945/997/1075
f 920/972/1050 921/973/1051 947/999/1077 946/998/1076
f 921/973/1051 922/974/1052 948/1000/1078 947/999/1077
f 922/974/1052 923/975/1053 949/1001/1079 948/1000/1078
f 923/975/1053 924/976/1054 950/1002/1080 949/1001/1079
f 924/976/1054 925/977/1055 951/1003/1081 950/1002/1080
f 925/977/1055 926/978/1056 952/1004/1082 951/1003/1081
f 926/978/1056 927/979/1057 953/1005/1083 952/1004/1082
f 927/979/1057 928/980/1058 954/1006/1084 953/1005/1083
f 928/980/1058 929/981/1059 955/1007/1085 954/1006/1084
f 929/981/1059 930/982/1060 956/1008/1086 955/1007/1085
f 930/982/1060 931/983/1061 957/1009/1087 956/1008/1086
f 931/983/1061 932/984/1062 958/1010/1088 957/1009/1087
f 932/984/1062 933/985/1063 959/1011/1089 958/1010/1088
f 933/985/1063 934/986/1064 960/1012/1090 959/1011/1089
f 934/986/1064 935/987/1065 961/1013/1091 960/1012/1090
f 935/987/1065 936/988/1066 962/1014/1092 961/1013/1091
f 937/989/1068 938/990/1067 964/1016/1093 963/1015/1094
f 938/990/1067 939/991/1069 965/1017/1095 964/1016/1093
f 939/991/1069 940/992/1070 966/1018/1096 965/1017/1095
f 940/992/1070 941/993/1071 967/1019/1097 966/1018/1096
f 941/993/1071 942/994/1072 968/1020/1098 967/1019/1097
f 942/994/1072 943/995/1073 969/1021/1099 968/1020/1098
f 943/995/1073 944/996/1074 970/1022/1100 969/1021/1099
f 944/996/1074 945/997/1075 971/1023/1101 970/1022/1100
f 945/997/1075 946/998/1076 972/1024/1102 971/1023/1101
f 946/998/1076 947/999/1077 973/1025/1103 972/1024/1102
f 947/999/1077 948/1000/1078 974/1026/1104 973/1025/1103
f 948/1000/1078 949/1001/1079 975/1027/1105 974/1026/1104
f 949/1001/1079 950/1002/1080 976/1028/1106 975/1027/1105
f 950/1002/1080 951/1003/1081 977/1029/1107 976/1028/1106
f 951/1003/1081 952/1004/1082 978/1030/1108 977/1029/1107
f 952/1004/1082 953/1005/1083 979/1031/1109 978/1030/1108
f 953/1005/1083 954/1006/1084 980/1032/1110 979/1031/1109
f 954/1006/1084 955/1007/1085 981/1033/1111 980/1032/1110
f 955/1007/1085 956/1008/1086 982/1034/1112 981/1033/1111
f 956/1008/1086 957/1009/1087 983/1035/1113 982/1034/1112
f 957/1009/1087 958/1010/1088 984/1036/1114 983/1035/1113
f 958/1010/1088 959/1011/1089 985/1037/1115 984/1036/1114
f 959/1011/1089 960/1012/1090 986/1038/1116 985/1037/1115
f 960/1012/1090 961/1013/1091 987/1039/1117 986/1038/1116
f 961/1013/1091 962/1014/1092 988/1040/1118 987/1039/1117
f 963/1015/1094 964/1016/1093 990/1042/1119 989/1041/1120
f 964/1016/1093 965/1017/1095 991/1043/1121 990/1042/1119
f 965/1017/1095 966/1018/1096 992/1044/1122 991/1043/1121
f 966/1018/1096 967/1019/1097 993/1045/1123 992/1044/1122
f 967/1019/1097 968/1020/1098 994/1046/1124 993/1045/1123
f 968/1020/1098 969/1021/1099 995/1047/1125 994/1046/1124
f 969/1021/1099 970/1022/1100 996/1048/1126 995/1047/1125
f 970/1022/1100 971/1023/1101 997/1049/1127 996/1048/1126
f 971/1023/1101 972/1024/1102 998/1050/1128 997/1049/1127
f 972/1024/1102 973/1025/1103 999/1051/1129 998/1050/1128
f 973/1025/1103 974/1026/1104 1000/1052/1130 999/1051/1129
f 974/1026/1104 975/1027/1105 1001/1053/1131 1000/1052/1130
f 975/1027/1105 976/1028/1106 1002/1054/1132 1001/1053/1131
f 976/1028/1106 977/1029/1107 1003/1055/1133 1002/1054/1132
f 977/1029/1107 978/1030/1108 1004/1056/1134 1003/1055/1133
f 978/1030/1108 979/1031/1109 1005/1057/1135 1004/1056/1134
f 979/1031/1109 980/1032/1110 1006/1058/1136 1005/1057/1135
f 980/1032/1110 981/1033/1111 1007/1059/1137 1006/1058/1136
f 981/1033/1111 982/1034/1112 1008/1060/1138 1007/1059/1137
f 982/1034/1112 983/1035/1113 1009/1061/1139 1008/1060/1138
f 983/1035/1113 984/1036/1114 1010/1062/1140 1009/1061/1139
f 984/1036/1114 985/1037/1115 1011/1063/1141 1010/1062/1140
f 985/1037/1115 986/1038/1116 1012/1064/1142 1011/1063/1141
f 986/1038/1116 987/1039/1117 1013/1065/1143 1012/1064/1142
f 987/1039/1117 988/1040/1118 1014/1066/1144 1013/1065/1143
f 989/1041/1120 990/1042/1119 1016/1068/1145 1015/1067/1146
f 990/1042/1119 991/1043/1121 1017/1069/1147 1016/1068/1145
f 991/1043/1121 992/1044/1122 1018/1070/1148 1017/1069/1147
f 992/1044/1122 993/1045/1123 1019/1071/1149 1018/1070/1148
f 993/1045/1123 994/1046/1124 1020/1072/1150 1019/1071/1149
f 994/1046/1124 995/1047/1125 1021/1073/1151 1020/1072/1150
f 995/1047/1125 996/1048/1126 1022/1074/1152 1021/1073/1151
f 996/1048/1126 997/1049/1127 1023/1075/1153 1022/1074/1152
f 997/1049/1127 998/1050/1128 1024/1076/1154 1023/1075/1153
f 998/1050/1128 999/1051/1129 1025/1077/1155 1024/1076/1154
f 999/1051/1129 1000/1052/1130 1026/1078/1156 1025/1077/1155
f 1000/1052/1130 1001/1053/1131 1027/1079/1157 1026/1078/1156
f 1001/1053/1131 1002/1054/1132 1028/1080/1158 1027/1079/1157
f 1002/1054/1132 1003/1055/1133 1029/1081/1159 1028/1080/1158
f 1003/1055/1133 1004/1056/1134 1030/1082/1160 1029/1081/1159
f 1004/1056/1134 1005/1057/1135 1031/1083/1161 1030/1082/1160
f 1005/1057/1135 1006/1058/1136 1032/1084/1162 1031/1083/1161
f 1006/1058/1136 1007/1059/1137 1033/1085/1163 1032/1084/1162
f 1007/1059/1137 1008/1060/1138 1034/1086/1164 1033/1085/1163
f 1008/1060/1138 1009/1061/1139 1035/1087/1165 1034/1086/1164
f 1009/1061/1139 1010/1062/1140 1036/1088/1166 1035/1087/1165
f 1010/1062/1140 1011/1063/1141 1037/1089/1167 1036/1088/1166
f 1011/1063/1141 1012/1064/1142 1038/1090/1168 1037/1089/1167
f 1012/1064/1142 1013/1065/1143 1039/1091/1169 1038/1090/1168
f 1013/1065/1143 1014/1066/1144 1040/1092/1170 1039/1091/1169
f 1015/1067/1146 1016/1068/1145 1042/1094/1171 1041/1093/1172
f 1016/1068/1145 1017/1069/1147 1043/1095/1173 1042/1094/1171
f 1017/1069/1147 1018/1070/1148 1044/1096/1174 1043/1095/1173
f 1018/1070/1148 1019/1071/1149 1045/1097/1175 1044/1096/1174
f 1019/1071/1149 1020/1072/1150 1046/1098/1176 1045/1097/1175
f 1020/1072/1150 1021/1073/1151 1047/1099/1177 1046/1098/1176
f 1021/1073/1151 1022/1074/1152 1048/1100/1178 1047/1099/1177
f 1022/1074/1152 1023/1075/1153 1049/1101/1179 1048/1100/1178
f 1023/1075/1153 1024/1076/1154 1050/1102/1180 1049/1101/1179
f 1024/1076/1154 1025/1077/1155 1051/1103/1181 1050/1102/1180
f 1025/1077/1155 1026/1078/1156 1052/1104/1182 1051/1103/1181
f 1026/1078/1156 1027/1079/1157 1053/1105/1183 1052/1104/1182
f 1027/1079/1157 1028/1080/1158 1054/1106/1184 1053/1105/1183
f 1028/1080/1158 1029/1081/1159 1055/1107/1185 1054/1106/1184
f 1029/1081/1159 1030/1082/1160 1056/1108/1186 1055/1107/1185
f 1030/1082/1160 1031/1083/1161 1057/1109/1187 1056/1108/1186
f 1031/1083/1161 1032/1084/1162 1058/1110/1188 1057/1109/1187
f 1032/1084/1162 1033/1085/1163 1059/1111/1189 1058/1110/1188
f 1033/1085/1163 1034/1086/1164 1060/1112/1190 1059/1111/1189
f 1034/1086/1164 1035/1087/1165 1061/1113/1191 1060/1112/1190
f 1035/1087/1165 1036/1088/1166 1062/1114/1192 1061/1113/1191
f 1036/1088/1166 1037/1089/1167 1063/1115/1193 1062/1114/1192
f 1037/1089/1167 1038/1090/1168 1064/1116/1194 1063/1115/1193
f 1038/1090/1168 1039/1091/1169 1065/1117/1195 1064/1116/1194
f 1039/1091/1169 1040/1092/1170 1066/1118/1196 1065/1117/1195
f 1041/1093/1172 1042/1094/1171 1068/1120/1197 1067/1119/1198
f 1042/1094/1171 1043/1095/1173 1069/1121/1199 1068/1120/1197
f 1043/1095/1173 1044/1096/1174 1070/1122/1200 1069/1121/1199
f 1044/1096/1174 1045/1097/1175 1071/1123/1201 1070/1122/1200
f 1045/1097/1175 1046/1098/1176 1072/1124/1202 1071/1123/1201
f 1046/1098/1176 1047/1099/1177 1073/1125/1203 1072/1124/1202
f 1047/1099/1177 1048/1100/1178 1074/1126/1204 1073/1125/1203
f 1048/1100/1178 1049/1101/1179 1075/1127/1205 1074/1126/1204
f 1049/1101/1179 1050/1102/1180 1076/1128/1206 1075/1127/1205
f 1050/1102/1180 1051/1103/1181 1077/1129/1207 1076/1128/1206
f 1051/1103/1181 1052/1104/1182 1078/1130/1208 1077/1129/1207
f 1052/1104/1182 1053/1105/1183 1079/1131/1209 1078/1130/1208
f 1053/1105/1183 1054/1106/1184 1080/1132/1210 1079/1131/1209
f 1054/1106/1184 1055/1107/1185 1081/1133/1211 1080/1132/1210
f 1055/1107/1185 1056/1108/1186 1082/1134/1212 1081/1133/1211
f 1056/1108/1186 1057/1109/1187 1083/1135/1213 1082/1134/1212
f 1057/1109/1187 1058/1110/1188 1084/1136/1214 1083/1135/1213
f 1058/1110/1188 1059/1111/1189 1085/1137/1215 1084/1136/1214
f 1059/1111/1189 1060/1112/1190 1086/1138/1216 1085/1137/1215
f 1060/1112/1190 1061/1113/1191 1087/1139/1217 1086/1138/1216
f 1061/1113/1191 1062/1114/1192 1088/1140/1218 1087/1139/1217
f 1062/1114/1192 1063/1115/1193 1089/1141/1219 1088/1140/1218
f 1063/1115/1193 1064/1116/1194 1090/1142/1220 1089/1141/1219
f 1064/1116/1194 1065/1117/1195 1091/1143/1221 1090/1142/1220
f 1065/1117/1195 1066/1118/1196 1092/1144/1222 1091/1143/1221
f 1067/1119/1198 1068/1120/1197 1094/1146/1223 1093/1145/1224
f 1068/1120/1197 1069/1121/1199 1095/1147/1225 1094/1146/1223
f 1069/1121/1199 1070/1122/1200 1096/1148/1226 1095/1147/1225
f 1070/1122/1200 1071/1123/1201 1097/1149/1227 1096/1148/1226
f 1071/1123/1201 1072/1124/1202 1098/1150/1228 1097/1149/1227
f 1072/1124/1202 1073/1125/1203 1099/1151/1229 1098/1150/1228
f 1073/1125/1203 1074/1126/1204 1100/1152/1230 1099/1151/1229
f 1074/1126/1204 1075/1127/1205 1101/1153/1231 1100/1152/1230
f 1075/1127/1205 1076/1128/1206 1102/1154/1232 1101/1153/1231
f 1076/1128/1206 1077/1129/1207 1103/1155/1233 1102/1154/1232
f 1077/1129/1207 1078/1130/1208 1104/1156/1234 1103/1155/1233
f 1078/1130/1208 1079/1131/1209 1105/1157/1235 1104/1156/1234
f 1079/1131/1209 1080/1132/1210 1106/1158/1236 1105/1157/1235
f 1080/1132/1210 1081/1133/1211 1107/1159/1237 1106/1158/1236
f 1081/1133/1211 1082/1134/1212 1108/1160/1238 1107/1159/1237
f 1082/1134/1212 1083/1135/1213 1109/1161/1239 1108/1160/1238
f 1083/1135/1213 1084/1136/1214 1110/1162/1240 1109/1161/1239
f 1084/1136/1214 1085/1137/1215 1111/1163/1241 1110/1162/1240
f 1085/1137/1215 1086/1138/1216 1112/1164/1242 1111/1163/1241
f 1086/1138/1216 1087/1139/1217 1113/1165/1243 1112/1164/1242
f 1087/1139/1217 1088/1140/1218 1114/1166/1244 1113/1165/1243
f 1088/1140/1218 1089/1141/1219 1115/1167/1245 1114/1166/1244
f 1089/1141/1219 1090/1142/1220 1116/1168/1246 1115/1167/1245
f 1090/1142/1220 1091/1143/1221 1117/1169/1247 1116/1168/1246
f 1091/1143/1221 1092/1144/1222 1118/1170/1248 1117/1169/1247
f 1093/1145/1224 1094/1146/1223 1120/1172/1249 1119/1171/1250
f 1094/1146/1223 1095/1147/1225 1121/1173/1251 1120/1172/1249
f 1095/1147/1225 1096/1148/1226 1122/1174/1252 1121/1173/1251
f 1096/1148/1226 1097/1149/1227 1123/1175/1253 1122/1174/1252
f 1097/1149/1227 1098/1150/1228 1124/1176/1254 1123/1175/1253
f 1098/1150/1228 1099/1151/1229 1125/1177/1255 1124/1176/1254
f 1099/1151/1229 1100/1152/1230 1126/1178/1256 1125/1177/1255
f 1100/1152/1230 1101/1153/1231 1127/1179/1257 1126/1178/1256
f 1101/1153/1231 1102/1154/1232 1128/1180/1258 1127/1179/1257
f 1102/1154/1232 1103/1155/1233 1129/1181/1259 1128/1180/1258
f 1103/1155/1233 1104/1156/1234 1130/1182/1260 1129/1181/1259
f 1104/1156/1234 1105/1157/1235 1131/1183/1261 1130/1182/1260
f 1105/1157/1235 1106/1158/1236 1132/1184/1262 1131/1183/1261
f 1106/1158/1236 1107/1159/1237 1133/1185/1263 1132/1184/1262
f 1107/1159/1237 1108/1160/1238 1134/1186/1264 1133/1185/1263
f 1108/1160/1238 1109/1161/1239 1135/1187/1265 1134/1186/1264
f 1109/1161/1239 1110/1162/1240 1136/1188/1266 1135/1187/1265
f 1110/1162/1240 1111/1163/1241 1137/1189/1267 1136/1188/1266
f 1111/1163/1241 1112/1164/1242 1138/1190/1268 1137/1189/1267
f 1112/1164/1242 1113/1165/1243 1139/1191/1269 1138/1190/1268
f 1113/1165/1243 1114/1166/1244 1140/1192/1270 1139/1191/1269
f 1114/1166/1244 1115/1167/1245 1141/1193/1271 1140/1192/1270
f 1115/1167/1245 1116/1168/1246 1142/1194/1272 1141/1193/1271
f 1116/1168/1246 1117/1169/1247 1143/1195/1273 1142/1194/1272
f 1117/1169/1247 1118/1170/1248 1144/1196/1274 1143/1195/1273
f 1119/1171/1250 1120/1172/1249 1146/1198/1275 1145/1197/1276
f 1120/1172/1249 1121/1173/1251 1147/1199/1277 1146/1198/1275
f 1121/1173/1251 1122/1174/1252 1148/1200/1278 1147/1199/1277
f 1122/1174/1252 1123/1175/1253 1149/1201/1279 1148/1200/1278
f 1123/1175/1253 1124/1176/1254 1150/1202/1280 1149/1201/1279
f 1124/1176/1254 1125/1177/1255 1151/1203/1281 1150/1202/1280
f 1125/1177/1255 1126/1178/1256 1152/1204/1282 1151/1203/1281
f 1126/1178/1256 1127/1179/1257 1153/1205/1283 1152/1204/1282
f 1127/1179/1257 1128/1180/1258 1154/1206/1284 1153/1205/1283
f 1128/1180/1258 1129/1181/1259 1155/1207/1285 1154/1206/1284
f 1129/1181/1259 1130/1182/1260 1156/1208/1286 1155/1207/1285
f 1130/1182/1260 1131/1183/1261 1157/1209/1287 1156/1208/1286
f 1131/1183/1261 1132/1184/1262 1158/1210/1288 1157/1209/1287
f 1132/1184/1262 1133/1185/1263 1159/1211/1289 1158/1210/1288
f 1133/1185/1263 1134/1186/1264 1160/1212/1290 1159/1211/1289
f 1134/1186/1264 1135/1187/1265 1161/1213/1291 1160/1212/1290
f 1135/1187/1265 1136/1188/1266 1162/1214/1292 1161/1213/1291
f 1136/1188/1266 1137/1189/1267 1163/1215/1293 1162/1214/1292
f 1137/1189/1267 1138/1190/1268 1164/1216/1294 1163/1215/1293
f 1138/1190/1268 1139/1191/1269 1165/1217/1295 1164/1216/1294
f 1139/1191/1269 1140/1192/1270 1166/1218/1296 1165/1217/1295
f 1140/1192/1270 1141/1193/1271 1167/1219/1297 1166/1218/1296
f 1141/1193/1271 1142/1194/1272 1168/1220/1298 1167/1219/1297
f 1142/1194/1272 1143/1195/1273 1169/1221/1299 1168/1220/1298
f 1143/1195/1273 1144/1196/1274 1170/1222/1300 1169/1221/1299
f 1145/1197/1276 1146/1198/1275 1172/1224/1301 1171/1223/1302
f 1146/1198/1275 1147/1199/1277 1173/1225/1303 1172/1224/1301
f 1147/1199/1277 1148/1200/1278 1174/1226/1304 1173/1225/1303
f 1148/1200/1278 1149/1201/1279 1175/1227/1305 1174/1226/1304
f 1149/1201/1279 1150/1202/1280 1176/1228/1306 1175/1227/1305
f 1150/1202/1280 1151/1203/1281 1177/1229/1307 1176/1228/1306
f 1151/1203/1281 1152/1204/1282 1178/1230/1308 1177/1229/1307
f 1152/1204/1282 1153/1205/1283 1179/1231/1309 1178/1230/1308
f 1153/1205/1283 1154/1206/1284 1180/1232/1310 1179/1231/1309
f 1154/1206/1284 1155/1207/1285 1181/1233/1311 1180/1232/1310
f 1155/1207/1285 1156/1208/1286 1182/1234/1312 1181/1233/1311
f 1156/1208/1286 1157/1209/1287 1183/1235/1313 1182/1234/1312
f 1157/1209/1287 1158/1210/1288 1184/1236/1314 1183/1235/1313
f 1158/1210/1288 1159/1211/1289 1185/1237/1315 1184/1236/1314
f 1159/1211/1289 1160/1212/1290 1186/1238/1316 1185/1237/1315
f 1160/1212/1290 1161/1213/1291 1187/1239/1317 1186/1238/1316
f 1161/1213/1291 1162/1214/1292 1188/1240/1318 1187/1239/1317
f 1162/1214/1292 1163/1215/1293 1189/1241/1319 1188/1240/1318
f 1163/1215/1293 1164/1216/1294 1190/1242/1320 1189/1241/1319
f 1164/1216/1294 1165/1217/1295 1191/1243/1321 1190/1242/1320
f 1165/1217/1295 1166/1218/1296 1192/1244/1322 1191/1243/1321
f 1166/1218/1296 1167/1219/1297 1193/1245/1323 1192/1244/1322
f 1167/1219/1297 1168/1220/1298 1194/1246/1324 1193/1245/1323
f 1168/1220/1298 1169/1221/1299 1195/1247/1325 1194/1246/1324
f 1169/1221/1299 1170/1222/1300 1196/1248/1326 1195/1247/1325
f 1171/1223/1302 1172/1224/1301 1198/1250/1327 1197/1249/1328
f 1172/1224/1301 1173/1225/1303 1199/1251/1329 1198/1250/1327
f 1173/1225/1303 1174/1226/1304 1200/1252/1330 1199/1251/1329
f 1174/1226/1304 1175/1227/1305 1201/1253/1331 1200/1252/1330
f 1175/1227/1305 1176/1228/1306 1202/1254/1332 1201/1253/1331
f 1176/1228/1306 1177/1229/1307 1203/1255/1333 1202/1254/1332
f 1177/1229/1307 1178/1230/1308 1204/1256/1334 1203/1255/1333
f 1178/1230/1308 1179/1231/1309 1205/1257/1335 1204/1256/1334
f 1179/1231/1309 1180/1232/1310 1206/1258/1336 1205/1257/1335
f 1180/1232/1310 1181/1233/1311 1207/1259/1337 1206/1258/1336
f 1181/1233/1311 1182/1234/1312 1208/1260/1338 1207/1259/1337
f 1182/1234/1312 1183/1235/1313 1209/1261/1339 1208/1260/1338
f 1183/1235/1313 1184/1236/1314 1210/1262/1340 1209/1261/1339
f 1184/1236/1314 1185/1237/1315 1211/1263/1341 1210/1262/1340
f 1185/1237/1315 1186/1238/1316 1212/1264/1342 1211/1263/1341
f 1186/1238/1316 1187/1239/1317 1213/1265/1343 1212/1264/1342
f 1187/1239/1317 1188/1240/1318 1214/1266/1344 1213/1265/1343
f 1188/1240/1318 1189/1241/1319 1215/1267/1345 1214/1266/1344
f 1189/1241/1319 1190/1242/1320 1216/1268/1346 1215/1267/1345
f 1190/1242/1320 1191/1243/1321 1217/1269/1347 1216/1268/1346
f 1191/1243/1321 1192/1244/1322 1218/1270/1348 1217/1269/1347
f 1192/1244/1322 1193/1245/1323 1219/1271/1349 1218/1270/1348
f 1193/1245/1323 1194/1246/1324 1220/1272/1350 1219/1271/1349
f 1194/1246/1324 1195/1247/1325 1221/1273/1351 1220/1272/1350
f 1195/1247/1325 1196/1248/1326 1222/1274/1352 1221/1273/1351
f 1197/1249/1328 1198/1250/1327 1224/1276/1353 1223/1275/1354
f 1198/1250/1327 1199/1251/1329 1225/1277/1355 1224/1276/1353
f 1199/1251/1329 1200/1252/1330 1226/1278/1356 1225/1277/1355
f 1200/1252/1330 1201/1253/1331 1227/1279/1357 1226/1278/1356
f 1201/1253/1331 1202/1254/1332 1228/1280/1358 1227/1279/1357
f 1202/1254/1332 1203/1255/1333 1229/1281/1359 1228/1280/1358
f 1203/1255/1333 1204/1256/1334 1230/1282/1360 1229/1281/1359
f 1204/1256/1334 1205/1257/1335 1231/1283/1361 1230/1282/1360
f 1205/1257/1335 1206/1258/1336 1232/1284/1362 1231/1283/1361
f 1206/1258/1336 1207/1259/1337 1233/1285/1363 1232/1284/1362
f 1207/1259/1337 1208/1260/1338 1234/1286/1364 1233/1285/1363
f 1208/1260/1338 1209/1261/1339 1235/1287/1365 1234/1286/1364
f 1209/1261/1339 1210/1262/1340 1236/1288/1366 1235/1287/1365
f 1210/1262/1340 1211/1263/1341 1237/1289/1367 1236/1288/1366
f 1211/1263/1341 1212/1264/1342 1238/1290/1368 1237/1289/1367
f 1212/1264/1342 1213/1265/1343 1239/1291/1369 1238/1290/1368
f 1213/1265/1343 1214/1266/1344 1240/1292/1370 1239/1291/1369
f 1214/1266/1344 1215/1267/1345 1241/1293/1371 1240/1292/1370
f 1215/1267/1345 1216/1268/1346 1242/1294/1372 1241/1293/1371
f 1216/1268/1346 1217/1269/1347 1243/1295/1373 1242/1294/1372
f 1217/1269/1347 1218/1270/1348 1244/1296/1374 1243/1295/1373
f 1218/1270/1348 1219/1271/1349 1245/1297/1375 1244/1296/1374
f 1219/1271/1349 1220/1272/1350 1246/1298/1376 1245/1297/1375
f 1220/1272/1350 1221/1273/1351 1247/1299/1377 1246/1298/1376
f 1221/1273/1351 1222/1274/1352 1248/1300/1378 1247/1299/1377
f 1223/1275/1354 1224/1276/1353 1250/1302/1379 1249/1301/1380
f 1224/1276/1353 1225/1277/1355 1251/1303/1381 1250/1302/1379
f 1225/1277/1355 1226/1278/1356 1252/1304/1382 1251/1303/1381
f 1226/1278/1356 1227/1279/1357 1253/1305/1383 1252/1304/1382
f 1227/1279/1357 1228/1280/1358 1254/1306/1384 1253/1305/1383
f 1228/1280/1358 1229/1281/1359 1255/1307/1385 1254/1306/1384
f 1229/1281/1359 1230/1282/1360 1256/1308/1386 1255/1307/1385
f 1230/1282/1360 1231/1283/1361 1257/1309/1387 1256/1308/1386
f 1231/1283/1361 1232/1284/1362 1258/1310/1388 1257/1309/1387
f 1232/1284/1362 1233/1285/1363 1259/1311/1389 1258/1310/1388
f 1233/1285/1363 1234/1286/1364 1260/1312/1390 1259/1311/1389
f 1234/1286/1364 1235/1287/1365 1261/1313/1391 1260/1312/1390
f 1235/1287/1365 1236/1288/1366 1262/1314/1392 1261/1313/1391
f 1236/1288/1366 1237/1289/1367 1263/1315/1393 1262/1314/1392
f 1237/1289/1367 1238/1290/1368 1264/1316/1394 1263/1315/1393
f 1238/1290/1368 1239/1291/1369 1265/1317/1395 1264/1316/1394
f 1239/1291/1369 1240/1292/1370 1266/1318/1396 1265/1317/1395
f 1240/1292/1370 1241/1293/1371 1267/1319/1397 1266/1318/1396
f 1241/1293/1371 1242/1294/1372 1268/1320/1398 1267/1319/1397
f 1242/1294/1372 1243/1295/1373 1269/1321/1399 1268/1320/1398
f 1243/1295/1373 1244/1296/1374 1270/1322/1400 1269/1321/1399
f 1244/1296/1374 1245/1297/1375 1271/1323/1401 1270/1322/1400
f 1245/1297/1375 1246/1298/1376 1272/1324/1402 1271/1323/1401
f 1246/1298/1376 1247/1299/1377 1273/1325/1403 1272/1324/1402
f 1247/1299/1377 1248/1300/1378 1274/1326/1404 1273/1325/1403
f 1249/1301/1380 1250/1302/1379 1276/1328/1405 1275/1327/1406
f 1250/1302/1379 1251/1303/1381 1277/1329/1407 1276/1328/1405
f 1251/1303/1381 1252/1304/1382 1278/1330/1408 1277/1329/1407
f 1252/1304/1382 1253/1305/1383 1279/1331/1409 1278/1330/1408
f 1253/1305/1383 1254/1306/1384 1280/1332/1410 1279/1331/1409
f 1254/1306/1384 1255/1307/1385 1281/1333/1411 1280/1332/1410
f 1255/1307/1385 1256/1308/1386 1282/1334/1412 1281/1333/1411
f 1256/1308/1386 1257/1309/1387 1283/1335/1413 1282/1334/1412
f 1257/1309/1387 1258/1310/1388 1284/1336/1414 1283/1335/1413
f 1258/1310/1388 1259/1311/1389 1285/1337/1415 1284/1336/1414
f 1259/1311/1389 1260/1312/1390 1286/1338/1416 1285/1337/1415
f 1260/1312/1390 1261/1313/1391 1287/1339/1417 1286/1338/1416
f 1261/1313/1391 1262/1314/1392 1288/1340/1418 1287/1339/1417
f 1262/1314/1392 1263/1315/1393 1289/1341/1419 1288/1340/1418
f 1263/1315/1393 1264/1316/1394 1290/1342/1420 1289/1341/1419
f 1264/1316/1394 1265/1317/1395 1291/1343/1421 1290/1342/1420
f 1265/1317/1395 1266/1318/1396 1292/1344/1422 1291/1343/1421
f 1266/1318/1396 1267/1319/1397 1293/1345/1423 1292/1344/1422
f 1267/1319/1397 1268/1320/1398 1294/1346/1424 1293/1345/1423
f 1268/1320/1398 1269/1321/1399 1295/1347/1425 1294/1346/1424
f 1269/1321/1399 1270/1322/1400 1296/1348/1426 1295/1347/1425
f 1270/1322/1400 1271/1323/1401 1297/1349/1427 1296/1348/1426
f 1271/1323/1401 1272/1324/1402 1298/1350/1428 1297/1349/1427
f 1272/1324/1402 1273/1325/1403 1299/1351/1429 1298/1350/1428
f 1273/1325/1403 1274/1326/1404 1300/1352/1430 1299/1351/1429
f 1275/1327/1406 1276/1328/1405 1302/1354/1431 1301/1353/1432
f 1276/1328/1405 1277/1329/1407 1303/1355/1433 1302/1354/1431
f 1277/1329/1407 1278/1330/1408 1304/1356/1434 1303/1355/1433
f 1278/1330/1408 1279/1331/1409 1305/1357/1435 1304/1356/1434
f 1279/1331/1409 1280/1332/1410 1306/1358/1436 1305/1357/1435
f 1280/1332/1410 1281/1333/1411 1307/1359/1437 1306/1358/1436
f 1281/1333/1411 1282/1334/1412 1308/1360/1438 1307/1359/1437
f 1282/1334/1412 1283/1335/1413 1309/1361/1439 1308/1360/1438
f 1283/1335/1413 1284/1336/1414 1310/1362/1440 1309/1361/1439
f 1284/1336/1414 1285/1337/1415 1311/1363/1441 1310/1362/1440
f 1285/1337/1415 1286/1338/1416 1312/1364/1442 1311/1363/1441
f 1286/1338/1416 1287/1339/1417 1313/1365/1443 1312/1364/1442
f 1287/1339/1417 1288/1340/1418 1314/1366/1444 1313/1365/1443
f 1288/1340/1418 1289/1341/1419 1315/1367/1445 1314/1366/1444
f 1289/1341/1419 1290/1342/1420 1316/1368/1446 1315/1367/1445
f 1290/1342/1420 1291/1343/1421 1317/1369/1447 1316/1368/1446
f 1291/1343/1421 1292/1344/1422 1318/1370/1448 1317/1369/1447
f 1292/1344/1422 1293/1345/1423 1319/1371/1449 1318/1370/1448
f 1293/1345/1423 1294/1346/1424 1320/1372/1450 1319/1371/1449
f 1294/1346/1424 1295/1347/1425 1321/1373/1451 1320/1372/1450
f 1295/1347/1425 1296/1348/1426 1322/1374/1452 1321/1373/1451
f 1296/1348/1426 1297/1349/1427 1323/1375/1453 1322/1374/1452
f 1297/1349/1427 1298/1350/1428 1324/1376/1454 1323/1375/1453
f 1298/1350/1428 1299/1351/1429 1325/1377/1455 1324/1376/1454
f 1299/1351/1429 1300/1352/1430 1326/1378/1456 1325/1377/1455
f 1301/1353/1432 1302/1354/1431 1328/1380/1457 1327/1379/1458
f 1302/1354/1431 1303/1355/1433 1329/1381/1459 1328/1380/1457
f 1303/1355/1433 1304/1356/1434 1330/1382/1460 1329/1381/1459
f 1304/1356/1434 1305/1357/1435 1331/1383/1461 1330/1382/1460
f 1305/1357/1435 1306/1358/1436 1332/1384/1462 1331/1383/1461
f 1306/1358/1436 1307/1359/1437 1333/1385/1463 1332/1384/1462
f 1307/1359/1437 1308/1360/1438 1334/1386/1464 1333/1385/1463
f 1308/1360/1438 1309/1361/1439 1335/1387/1465 1334/1386/1464
f 1309/1361/1439 1310/1362/1440 1336/1388/1466 1335/1387/1465
f 1310/1362/1440 1311/1363/1441 1337/1389/1467 1336/1388/1466
f 1311/1363/1441 1312/1364/1442 1338/1390/1468 1337/1389/1467
f 1312/1364/1442 1313/1365/1443 1339/1391/1469 1338/1390/1468
f 1313/1365/1443 1314/1366/1444 1340/1392/1470 1339/1391/1469
f 1314/1366/1444 1315/1367/1445 1341/1393/1471 1340/1392/1470
f 1315/1367/1445 1316/1368/1446 1342/1394/1472 1341/1393/1471
f 1316/1368/1446 1317/1369/1447 1343/1395/1473 1342/1394/1472
f 1317/1369/1447 1318/1370/1448 1344/1396/1474 1343/1395/1473
f 1318/1370/1448 1319/1371/1449 1345/1397/1475 1344/1396/1474
f 1319/1371/1449 1320/1372/1450 1346/1398/1476 1345/1397/1475
f 1320/1372/1450 1321/1373/1451 1347/1399/1477 1346/1398/1476
f 1321/1373/1451 1322/1374/1452 1348/1400/1478 1347/1399/1477
f 1322/1374/1452 1323/1375/1453 1349/1401/1479 1348/1400/1478
f 1323/1375/1453 1324/1376/1454 1350/1402/1480 1349/1401/1479
f 1324/1376/1454 1325/1377/1455 1351/1403/1481 1350/1402/1480
f 1325/1377/1455 1326/1378/1456 1352/1404/1482 1351/1403/1481
f 1327/1379/1458 1328/1380/1457 1354/1406/1483 1353/1405/1484
f 1328/1380/1457 1329/1381/1459 1355/1407/1485 1354/1406/1483
f 1329/1381/1459 1330/1382/1460 1356/1408/1486 1355/1407/1485
f 1330/1382/1460 1331/1383/1461 1357/1409/1487 1356/1408/1486
f 1331/1383/1461 1332/1384/1462 1358/1410/1488 1357/1409/1487
f 1332/1384/1462 1333/1385/1463 1359/1411/1489 1358/1410/1488
f 1333/1385/1463 1334/1386/1464 1360/1412/1490 1359/1411/1489
f 1334/1386/1464 1335/1387/1465 1361/1413/1491 1360/1412/1490
f 1335/1387/1465 1336/1388/1466 1362/1414/1492 1361/1413/1491
f 1336/1388/1466 1337/1389/1467 1363/1415/1493 1362/1414/1492
f 1337/1389/1467 1338/1390/1468 1364/1416/1494 1363/1415/1493
f 1338/1390/1468 1339/1391/1469 1365/1417/1495 1364/1416/1494
f 1339/1391/1469 1340/1392/1470 1366/1418/1496 1365/1417/1495
f 1340/1392/1470 1341/1393/1471 1367/1419/1497 1366/1418/1496
f 1341/1393/1471 1342/1394/1472 1368/1420/1498 1367/1419/1497
f 1342/1394/1472 1343/1395/1473 1369/1421/1499 1368/1420/1498
f 1343/1395/1473 1344/1396/1474 1370/1422/1500 1369/1421/1499
f 1344/1396/1474 1345/1397/1475 1371/1423/1501 1370/1422/1500
f 1345/1397/1475 1346/1398/1476 1372/1424/1502 1371/1423/1501
f 1346/1398/1476 1347/1399/1477 1373/1425/1503 1372/1424/1502
f 1347/1399/1477 1348/1400/1478 1374/1426/1504 1373/1425/1503
f 1348/1400/1478 1349/1401/1479 1375/1427/1505 1374/1426/1504
f 1349/1401/1479 1350/1402/1480 1376/1428/1506 1375/1427/1505
f 1350/1402/1480 1351/1403/1481 1377/1429/1507 1376/1428/1506
f 1351/1403/1481 1352/1404/1482 1378/1430/1508 1377/1429/1507
f 1353/1405/1484 1354/1406/1483 1380/1432/1509 1379/1431/1510
f 1354/1406/1483 1355/1407/1485 1381/1433/1511 1380/1432/1509
f 1355/1407/1485 1356/1408/1486 1382/1434/1512 1381/1433/1511
f 1356/1408/1486 1357/1409/1487 1383/1435/1513 1382/1434/1512
f 1357/1409/1487 1358/1410/1488 1384/1436/1514 1383/1435/1513
f 1358/1410/1488 1359/1411/1489 1385/1437/1515 1384/1436/1514
f 1359/1411/1489 1360/1412/1490 1386/1438/1516 1385/1437/1515
f 1360/1412/1490 1361/1413/1491 1387/1439/1517 1386/1438/1516
f 1361/1413/1491 1362/1414/1492 1388/1440/1518 1387/1439/1517
f 1362/1414/1492 1363/1415/1493 1389/1441/1519 1388/1440/1518
f 1363/1415/1493 1364/1416/1494 1390/1442/1520 1389/1441/1519
f 1364/1416/1494 1365/1417/1495 1391/1443/1521 1390/1442/1520
f 1365/1417/1495 1366/1418/1496 1392/1444/1522 1391/1443/1521
f 1366/1418/1496 1367/1419/1497 1393/1445/1523 1392/1444/1522
f 1367/1419/1497 1368/1420/1498 1394/1446/1524 1393/1445/1523
f 1368/1420/1498 1369/1421/1499 1395/1447/1525 1394/1446/1524
f 1369/1421/1499 1370/1422/1500 1396/1448/1526 1395/1447/1525
f 1370/1422/1500 1371/1423/1501 1397/1449/1527 1396/1448/1526
f 1371/1423/1501 1372/1424/1502 1398/1450/1528 1397/1449/1527
f 1372/1424/1502 1373/1425/1503 1399/1451/1529 1398/1450/1528
f 1373/1425/1503 1374/1426/1504 1400/1452/1530 1399/1451/1529
f 1374/1426/1504 1375/1427/1505 1401/1453/1531 1400/1452/1530
f 1375/1427/1505 1376/1428/1506 1402/1454/1532 1401/1453/1531
f 1376/1428/1506 1377/1429/1507 1403/1455/1533 1402/1454/1532
f 1377/1429/1507 1378/1430/1508 1404/1456/1534 1403/1455/1533
f 1379/1431/1510 1380/1432/1509 2/1458/1535 1/1457/1536
f 1380/1432/1509 1381/1433/1511 3/1459/1537 2/1458/1535
f 1381/1433/1511 1382/1434/1512 4/1460/1538 3/1459/1537
f 1382/1434/1512 1383/1435/1513 5/1461/1539 4/1460/1538
f 1383/1435/1513 1384/1436/1514 6/1462/1540 5/1461/1539
f 1384/1436/1514 1385/1437/1515 7/1463/1541 6/1462/1540
f 1385/1437/1515 1386/1438/1516 8/1464/1542 7/1463/1541
f 1386/1438/1516 1387/1439/1517 9/1465/1543 8/1464/1542
f 1387/1439/1517 1388/1440/1518 10/1466/1544 9/1465/1543
f 1388/1440/1518 1389/1441/1519 11/1467/1545 10/1466/1544
f 1389/1441/1519 1390/1442/1520 12/1468/1546 11/1467/1545
f 1390/1442/1520 1391/1443/1521 13/1469/1547 12/1468/1546
f 1391/1443/1521 1392/1444/1522 14/1470/1548 13/1469/1547
f 1392/1444/1522 1393/1445/1523 15/1471/1549 14/1470/1548
f 1393/1445/1523 1394/1446/1524 16/1472/1550 15/1471/1549
f 1394/1446/1524 1395/1447/1525 17/1473/1551 16/1472/1550
f 1395/1447/1525 1396/1448/1526 18/1474/1552 17/1473/1551
f 1396/1448/1526 1397/1449/1527 19/1475/1553 18/1474/1552
f 1397/1449/1527 1398/1450/1528 20/1476/1554 19/1475/1553
f 1398/1450/1528 1399/1451/1529 21/1477/1555 20/1476/1554
f 1399/1451/1529 1400/1452/1530 22/1478/1556 21/1477/1555
f 1400/1452/1530 1401/1453/1531 23/1479/1557 22/1478/1556
f 1401/1453/1531 1402/1454/1532 24/1480/1558 23/1479/1557
f 1402/1454/1532 1403/1455/1533 25/1481/1559 24/1480/1558
f 1403/1455/1533 1404/1456/1534 26/1482/1560 25/1481/1559
s 5
f 754/1484/1561 728/1483/1562 702/1536/1563 1405/1510/1564
f 780/1485/1565 754/1484/1561 1405/1510/1564 1406/1511/1566
f 806/1486/1567 780/1485/1565 1406/1511/1566 1407/1512/1568
f 832/1487/1569 806/1486/1567 1407/1512/1568 1408/1513/1570
f 858/1488/1571 832/1487/1569 1408/1513/1570 1409/1514/1572
f 884/1489/1573 858/1488/1571 1409/1514/1572 1410/1515/1574
f 910/1490/1575 884/1489/1573 1410/1515/1574 1411/1516/1576
f 936/1491/1577 910/1490/1575 1411/1516/1576 1412/1517/1578
f 962/1492/1579 936/1491/1577 1412/1517/1578 1413/1518/1580
f 988/1493/1581 962/1492/1579 1413/1518/1580 1414/1519/1582
f 1014/1494/1583 988/1493/1581 1414/1519/1582 1415/1520/1584
f 1040/1495/1585 1014/1494/1583 1415/1520/1584 1416/1521/1586
f 1066/1496/1587 1040/1495/1585 1416/1521/1586 1417/1522/1588
f 1092/1497/1589 1066/1496/1587 1417/1522/1588 1418/1523/1590
f 1118/1498/1591 1092/1497/1589 1418/1523/1590 1419/1524/1592
f 1144/1499/1593 1118/1498/1591 1419/1524/1592 1420/1525/1594
f 1170/1500/1595 1144/1499/1593 1420/1525/1594 1421/1526/1596
f 1196/1501/1597 1170/1500/1595 1421/1526/1596 1422/1527/1598
f 1222/1502/1599 1196/1501/1597 1422/1527/1598 1423/1528/1600
f 1248/1503/1601 1222/1502/1599 1423/1528/1600 1424/1529/1602
f 1274/1504/1603 1248/1503/1601 1424/1529/1602 1425/1530/1604
f 1300/1505/1605 1274/1504/1603 1425/1530/1604 1426/1531/1606
f 1326/1506/1607 1300/1505/1605 1426/1531/1606 1427/1532/1608
f 1352/1507/1609 1326/1506/1607 1427/1532/1608 1428/1533/1610
f 1378/1508/1611 1352/1507/1609 1428/1533/1610 1429/1534/1612
f 1404/1509/1613 1378/1508/1611 1429/1534/1612 1430/1535/1614
f 26/26/1615 1404/1509/1613 1430/1535/1614 52/52/1616
s 6
f 703/1537/1617 729/1538/1618 1431/1564/1619 677/1590/1620
f 729/1538/1618 755/1539/1621 1432/1565/1622 1431/1564/1619
f 755/1539/1621 781/1540/1623 1433/1566/1624 1432/1565/1622
f 781/1540/1623 807/1541/1625 1434/1567/1626 1433/1566/1624
f 807/1541/1625 833/1542/1627 1435/1568/1628 1434/1567/1626
f 833/1542/1627 859/1543/1629 1436/1569/1630 1435/1568/1628
f 859/1543/1629 885/1544/1631 1437/1570/1632 1436/1569/1630
f 885/1544/1631 911/1545/1633 1438/1571/1634 1437/1570/1632
f 911/1545/1633 937/1546/1635 1439/1572/1636 1438/1571/1634
f 937/1546/1635 963/1547/1637 1440/1573/1638 1439/1572/1636
f 963/1547/1637 989/1548/1639 1441/1574/1640 1440/1573/1638
f 989/1548/1639 1015/1549/1641 1442/1575/1642 1441/1574/1640
f 1015/1549/1641 1041/1550/1643 1443/1576/1644 1442/1575/1642
f 1041/1550/1643 1067/1551/1645 1444/1577/1646 1443/1576/1644
f 1067/1551/1645 1093/1552/1647 1445/1578/1648 1444/1577/1646
f 1093/1552/1647 1119/1553/1649 1446/1579/1650 1445/1578/1648
f 1119/1553/1649 1145/1554/1651 1447/1580/1652 1446/1579/1650
f 1145/1554/1651 1171/1555/1653 1448/1581/1654 1447/1580/1652
f 1171/1555/1653 1197/1556/1655 1449/1582/1656 1448/1581/1654
f 1197/1556/1655 1223/1557/1657 1450/1583/1658 1449/1582/1656
f 1223/1557/1657 1249/1558/1659 1451/1584/1660 1450/1583/1658
f 1249/1558/1659 1275/1559/1661 1452/1585/1662 1451/1584/1660
f 1275/1559/1661 1301/1560/1663 1453/1586/1664 1452/1585/1662
f 1301/1560/1663 1327/1561/1665 1454/1587/1666 1453/1586/1664
f 1327/1561/1665 1353/1562/1667 1455/1588/1668 1454/1587/1666
f 1353/1562/1667 1379/1563/1669 1456/1589/1670 1455/1588/1668
f 1379/1563/1669 1/1/1671 27/27/1672 1456/1589/1670
